Item_Identifier,Outlet_Identifier,Item_Outlet_Sales,
FDW58,OUT049,1673.983987,
FDW14,OUT017,1349.512904,
NCN55,OUT010,471.3068467,
FDQ58,OUT017,2432.662581,
FDY38,OUT027,5041.821497,
FDH56,OUT046,1892.066145,
FDL48,OUT018,790.3307954,
FDC48,OUT027,2846.400823,
FDN33,OUT045,1559.973641,
FDA36,OUT017,3190.643468,
FDT44,OUT017,1892.066145,
FDQ56,OUT045,1349.512904,
NCC54,OUT019,471.3068467,
FDU11,OUT049,2006.470742,
DRL59,OUT013,790.3307954,
FDM24,OUT049,2432.662581,
FDI57,OUT045,3011.525299,
DRC12,OUT018,3011.525299,
NCM42,OUT027,2846.400823,
FDA46,OUT010,471.3068467,
FDA31,OUT013,2843.569789,
NCJ31,OUT035,3549.850948,
FDG52,OUT046,790.3307954,
NCL19,OUT019,207.1305035,
FDS10,OUT035,3190.643468,
FDX22,OUT010,471.3068467,
NCF19,OUT035,790.3307954,
NCE06,OUT046,2633.839844,
DRC27,OUT046,3805.948604,
FDE21,OUT035,1892.066145,
NCR42,OUT019,207.1305035,
FDX51,OUT018,3011.525299,
NCR06,OUT018,646.0888158,
FDU31,OUT027,5041.821497,
FDU59,OUT017,2633.839844,
FDR03,OUT027,5041.821497,
FDS49,OUT027,2846.400823,
FDD48,OUT010,207.1305035,
NCF18,OUT017,3011.525299,
NCD43,OUT027,2846.400823,
NCD54,OUT018,2117.45138,
FDY19,OUT010,207.1305035,
NCY54,OUT017,2843.569789,
NCL19,OUT018,2432.662581,
FDP23,OUT010,471.3068467,
FDC26,OUT013,1673.983987,
FDR14,OUT010,207.1305035,
NCS41,OUT035,3190.643468,
FDF41,OUT035,3549.850948,
FDU34,OUT046,2117.45138,
DRH11,OUT046,1068.506766,
FDM03,OUT013,1673.983987,
FDS31,OUT017,3190.643468,
FDJ20,OUT017,2117.45138,
FDV44,OUT027,5041.821497,
FDG02,OUT049,3190.643468,
FDA09,OUT013,2843.569789,
FDT04,OUT013,646.0888158,
FDL58,OUT019,471.3068467,
FDE52,OUT045,1349.512904,
FDW12,OUT035,2432.662581,
FDL51,OUT017,3805.948604,
NCY42,OUT027,2846.400823,
FDR07,OUT017,1559.973641,
FDN40,OUT045,2432.662581,
FDB35,OUT027,2846.400823,
FDA22,OUT017,2633.839844,
NCL06,OUT046,4125.174475,
FDI35,OUT013,3190.643468,
NCW42,OUT045,3805.948604,
NCX06,OUT049,2843.569789,
FDC37,OUT027,2846.400823,
FDZ14,OUT018,2006.470742,
DRG49,OUT049,3549.850948,
NCG06,OUT045,4125.174475,
DRC36,OUT045,2843.569789,
FDV21,OUT019,207.1305035,
FDB53,OUT046,2432.662581,
DRP47,OUT019,471.3068467,
FDA14,OUT013,2432.662581,
DRC24,OUT035,2432.662581,
FDW21,OUT018,1559.973641,
NCH29,OUT046,1559.973641,
FDU58,OUT013,3190.643468,
FDY27,OUT017,2843.569789,
FDV56,OUT035,1673.983987,
FDT59,OUT046,3805.948604,
FDB23,OUT046,3805.948604,
FDR49,OUT045,790.3307954,
FDB03,OUT010,471.3068467,
FDN39,OUT045,2633.839844,
FDX02,OUT027,5041.821497,
FDQ16,OUT027,2846.400823,
FDU35,OUT018,1559.973641,
NCT29,OUT013,2006.470742,
FDZ27,OUT046,790.3307954,
FDN57,OUT017,2117.45138,
FDA03,OUT018,2432.662581,
FDZ36,OUT045,3190.643468,
NCU05,OUT013,1349.512904,
FDT39,OUT018,2432.662581,
FDK60,OUT017,1559.973641,
FDZ25,OUT017,2633.839844,
FDG12,OUT046,2006.470742,
DRB01,OUT019,471.3068467,
NCC43,OUT027,5041.821497,
FDX13,OUT019,471.3068467,
FDM22,OUT049,1068.506766,
FDJ03,OUT027,790.3307954,
FDU14,OUT018,4125.174475,
FDB33,OUT010,471.3068467,
FDP27,OUT046,3011.525299,
FDO38,OUT010,207.1305035,
FDE28,OUT027,5041.821497,
FDO27,OUT035,1559.973641,
DRL23,OUT027,2846.400823,
FDS28,OUT046,1068.506766,
FDX24,OUT013,1349.512904,
FDZ02,OUT035,1559.973641,
FDL46,OUT045,1892.066145,
FDS60,OUT027,5041.821497,
NCO06,OUT017,646.0888158,
FDO16,OUT035,1349.512904,
FDC60,OUT049,1349.512904,
FDA48,OUT018,3549.850948,
FDZ36,OUT027,5041.821497,
FDK27,OUT045,2006.470742,
FDW23,OUT018,646.0888158,
FDM14,OUT018,1673.983987,
FDM14,OUT013,1673.983987,
FDW60,OUT018,2843.569789,
FDE21,OUT013,1892.066145,
NCM42,OUT035,1673.983987,
FDY59,OUT010,207.1305035,
DRI49,OUT049,1349.512904,
FDT28,OUT019,471.3068467,
FDQ22,OUT018,646.0888158,
FDR60,OUT049,1349.512904,
FDC50,OUT019,207.1305035,
FDV24,OUT013,2432.662581,
DRF48,OUT010,471.3068467,
FDQ47,OUT046,646.0888158,
DRN36,OUT049,1559.973641,
NCY06,OUT035,2117.45138,
FDE52,OUT035,1349.512904,
NCB54,OUT045,2006.470742,
NCF31,OUT035,2432.662581,
FDJ08,OUT027,5041.821497,
NCC07,OUT017,1673.983987,
NCD19,OUT027,1068.506766,
FDL46,OUT049,1892.066145,
FDM20,OUT045,3805.948604,
NCI06,OUT010,471.3068467,
DRM11,OUT035,4125.174475,
NCH07,OUT018,2633.839844,
FDS23,OUT013,2006.470742,
FDO49,OUT018,790.3307954,
FDS35,OUT049,1068.506766,
DRK39,OUT045,1349.512904,
DRI39,OUT049,1068.506766,
FDV04,OUT017,2633.839844,
NCN14,OUT035,3190.643468,
FDH08,OUT013,3805.948604,
FDS20,OUT046,3190.643468,
FDV40,OUT049,1068.506766,
FDZ48,OUT010,207.1305035,
FDS24,OUT027,2846.400823,
FDK44,OUT049,2843.569789,
FDS48,OUT045,2432.662581,
FDK26,OUT010,471.3068467,
FDD23,OUT045,3190.643468,
NCH54,OUT017,2633.839844,
NCP14,OUT010,207.1305035,
FDM60,OUT010,207.1305035,
FDV24,OUT017,2432.662581,
FDH08,OUT018,3805.948604,
FDS12,OUT027,2846.400823,
FDR39,OUT027,5041.821497,
FDP12,OUT027,646.0888158,
DRF60,OUT027,5041.821497,
FDC09,OUT035,1673.983987,
FDF50,OUT018,3011.525299,
FDG28,OUT035,3805.948604,
NCE19,OUT017,1068.506766,
NCM53,OUT010,207.1305035,
NCN18,OUT049,1673.983987,
FDF32,OUT035,3011.525299,
FDF11,OUT013,3805.948604,
DRI59,OUT049,3805.948604,
NCG54,OUT035,2633.839844,
FDM44,OUT046,1559.973641,
FDT57,OUT018,3805.948604,
FDV24,OUT046,2432.662581,
FDI50,OUT019,471.3068467,
FDS09,OUT035,790.3307954,
NCC31,OUT027,5041.821497,
FDQ07,OUT019,471.3068467,
FDC22,OUT017,3011.525299,
FDZ56,OUT046,2633.839844,
FDZ40,OUT019,207.1305035,
FDS46,OUT027,2846.400823,
DRD24,OUT045,2117.45138,
FDV45,OUT017,3190.643468,
FDL26,OUT045,2432.662581,
FDA56,OUT018,2006.470742,
FDN27,OUT046,1892.066145,
FDM20,OUT049,3805.948604,
FDO16,OUT017,1349.512904,
FDL03,OUT035,3011.525299,
FDE58,OUT046,1892.066145,
FDI02,OUT027,2846.400823,
NCC55,OUT019,207.1305035,
FDR03,OUT018,3805.948604,
FDB14,OUT017,1349.512904,
FDR45,OUT013,3805.948604,
NCN07,OUT017,2117.45138,
FDM51,OUT019,207.1305035,
FDT52,OUT027,5041.821497,
FDL26,OUT046,2432.662581,
NCZ42,OUT046,3805.948604,
DRI47,OUT019,471.3068467,
FDW40,OUT013,2117.45138,
FDN34,OUT046,2633.839844,
FDS01,OUT035,2843.569789,
NCG55,OUT045,1892.066145,
FDC11,OUT035,1349.512904,
FDX35,OUT018,3549.850948,
NCB06,OUT046,2633.839844,
FDR09,OUT019,471.3068467,
FDC53,OUT017,1559.973641,
FDY45,OUT013,4125.174475,
FDA22,OUT010,471.3068467,
FDE02,OUT035,1559.973641,
FDW21,OUT045,1559.973641,
FDV34,OUT046,1068.506766,
FDS59,OUT049,1673.983987,
NCW17,OUT017,2117.45138,
NCK54,OUT046,1892.066145,
FDG17,OUT019,471.3068467,
FDG35,OUT017,2843.569789,
FDD08,OUT010,207.1305035,
NCO07,OUT017,3805.948604,
FDJ10,OUT010,207.1305035,
FDW36,OUT017,1673.983987,
FDW21,OUT010,207.1305035,
FDY19,OUT017,1892.066145,
DRE03,OUT013,790.3307954,
NCC55,OUT049,646.0888158,
FDH52,OUT010,207.1305035,
FDO09,OUT017,4125.174475,
FDU43,OUT045,3805.948604,
FDX09,OUT010,471.3068467,
FDH40,OUT019,207.1305035,
FDW58,OUT017,1673.983987,
FDC47,OUT017,3549.850948,
NCR41,OUT035,1559.973641,
DRG49,OUT035,3549.850948,
FDC52,OUT027,5041.821497,
FDY13,OUT046,1068.506766,
FDY35,OUT013,790.3307954,
FDI35,OUT017,3190.643468,
NCU18,OUT049,2117.45138,
FDY33,OUT018,2633.839844,
FDC15,OUT027,5041.821497,
FDU01,OUT049,3190.643468,
NCU42,OUT046,2633.839844,
NCV29,OUT018,2843.569789,
NCY30,OUT017,3190.643468,
FDQ46,OUT049,1673.983987,
FDG58,OUT027,5041.821497,
FDK33,OUT017,3805.948604,
NCD07,OUT045,1892.066145,
NCX29,OUT027,5041.821497,
NCT42,OUT013,2432.662581,
DRN59,OUT035,790.3307954,
FDI44,OUT035,1349.512904,
FDA45,OUT049,2843.569789,
FDP31,OUT045,1068.506766,
FDY01,OUT046,1892.066145,
FDT09,OUT018,2117.45138,
DRH03,OUT027,2846.400823,
FDA36,OUT018,3190.643468,
NCF31,OUT017,2432.662581,
FDG14,OUT049,2432.662581,
FDG28,OUT027,5041.821497,
FDU14,OUT049,4125.174475,
FDY47,OUT019,207.1305035,
FDI56,OUT049,1349.512904,
DRD01,OUT013,1068.506766,
FDM22,OUT046,1068.506766,
FDH33,OUT013,646.0888158,
DRZ24,OUT013,1892.066145,
NCQ38,OUT046,1673.983987,
FDO16,OUT027,2846.400823,
FDU07,OUT027,5041.821497,
NCB07,OUT013,3011.525299,
FDU48,OUT045,2117.45138,
NCM43,OUT045,2633.839844,
FDR31,OUT010,471.3068467,
DRK49,OUT018,646.0888158,
NCI30,OUT010,471.3068467,
DRD60,OUT017,3190.643468,
NCG19,OUT046,3549.850948,
FDH12,OUT035,1673.983987,
FDM32,OUT035,1349.512904,
FDM27,OUT035,2432.662581,
NCU53,OUT027,5041.821497,
NCQ18,OUT046,1559.973641,
FDS10,OUT013,2843.569789,
FDB33,OUT027,5041.821497,
FDI12,OUT013,1349.512904,
NCW42,OUT013,3805.948604,
NCC06,OUT018,2117.45138,
FDW02,OUT017,2006.470742,
NCD43,OUT017,1673.983987,
FDM57,OUT018,1349.512904,
FDA58,OUT017,3549.850948,
FDK56,OUT046,3190.643468,
FDP52,OUT045,3805.948604,
FDW20,OUT018,2117.45138,
FDS52,OUT049,1559.973641,
NCT29,OUT018,1892.066145,
NCL54,OUT013,2843.569789,
FDC05,OUT045,3011.525299,
FDF34,OUT035,3011.525299,
FDP03,OUT027,2846.400823,
FDD32,OUT010,207.1305035,
FDZ10,OUT045,2117.45138,
FDZ40,OUT035,1068.506766,
FDD51,OUT018,790.3307954,
NCY30,OUT019,471.3068467,
FDP58,OUT017,3549.850948,
FDV49,OUT017,4125.174475,
FDY24,OUT019,207.1305035,
NCO55,OUT017,1673.983987,
FDR13,OUT017,1892.066145,
FDS51,OUT017,1068.506766,
FDP26,OUT045,1673.983987,
NCB54,OUT027,2846.400823,
FDF32,OUT017,3011.525299,
FDN31,OUT018,3190.643468,
DRM48,OUT017,646.0888158,
FDN20,OUT049,2633.839844,
DRL01,OUT046,3805.948604,
FDV56,OUT049,1673.983987,
DRH13,OUT027,2846.400823,
FDA03,OUT017,2432.662581,
FDF47,OUT027,5041.821497,
FDX32,OUT046,2432.662581,
FDX57,OUT049,1559.973641,
NCA30,OUT045,3011.525299,
FDO49,OUT013,790.3307954,
FDL04,OUT019,207.1305035,
DRM48,OUT035,646.0888158,
FDR16,OUT013,3549.850948,
NCC19,OUT018,3011.525299,
NCE42,OUT045,3805.948604,
FDY24,OUT017,1068.506766,
FDH19,OUT049,2843.569789,
FDJ46,OUT013,2843.569789,
FDN45,OUT010,471.3068467,
FDY08,OUT035,2006.470742,
FDZ37,OUT035,1349.512904,
NCT30,OUT045,790.3307954,
DRY23,OUT018,646.0888158,
NCZ30,OUT018,2006.470742,
FDC44,OUT018,1892.066145,
FDB45,OUT035,1673.983987,
FDY04,OUT013,2633.839844,
FDM27,OUT046,2633.839844,
FDZ43,OUT017,3805.948604,
FDT39,OUT019,471.3068467,
NCC06,OUT019,207.1305035,
FDL15,OUT027,5041.821497,
FDL57,OUT017,4125.174475,
FDU08,OUT046,1559.973641,
FDK40,OUT017,4125.174475,
FDQ12,OUT010,471.3068467,
FDS48,OUT017,2432.662581,
FDP09,OUT045,3805.948604,
FDW21,OUT049,1559.973641,
FDY25,OUT035,3190.643468,
DRE13,OUT017,1349.512904,
FDV43,OUT019,207.1305035,
FDD22,OUT045,1673.983987,
FDM46,OUT019,207.1305035,
NCO30,OUT010,471.3068467,
FDM25,OUT046,2843.569789,
NCN41,OUT049,2117.45138,
FDU24,OUT045,1349.512904,
FDZ50,OUT046,3190.643468,
FDP45,OUT013,4125.174475,
NCM54,OUT045,2117.45138,
FDW10,OUT019,471.3068467,
FDP20,OUT017,2117.45138,
FDK32,OUT046,2432.662581,
FDN52,OUT049,1349.512904,
FDM58,OUT045,1673.983987,
FDZ46,OUT027,2846.400823,
NCA18,OUT018,1892.066145,
FDD35,OUT046,2006.470742,
NCK31,OUT035,790.3307954,
FDI40,OUT027,2846.400823,
FDT50,OUT019,207.1305035,
NCT06,OUT046,2633.839844,
FDT31,OUT035,3190.643468,
FDT45,OUT049,1068.506766,
FDT13,OUT045,3190.643468,
FDO50,OUT045,1349.512904,
NCU18,OUT010,207.1305035,
NCR54,OUT049,3011.525299,
NCO18,OUT018,2843.569789,
FDU09,OUT045,1068.506766,
FDT13,OUT018,3190.643468,
FDE09,OUT046,1673.983987,
NCK53,OUT019,207.1305035,
FDG45,OUT049,3805.948604,
DRH15,OUT035,790.3307954,
FDO21,OUT019,471.3068467,
FDD14,OUT027,5041.821497,
FDC09,OUT046,1673.983987,
FDH45,OUT027,646.0888158,
FDV32,OUT046,1068.506766,
FDG12,OUT035,1892.066145,
FDS32,OUT013,2117.45138,
NCL55,OUT018,4125.174475,
DRE01,OUT035,3549.850948,
DRE15,OUT049,1349.512904,
NCL42,OUT045,3805.948604,
FDP31,OUT013,1068.506766,
FDN33,OUT018,1349.512904,
FDZ59,OUT046,2633.839844,
FDE45,OUT010,471.3068467,
FDJ07,OUT013,1892.066145,
FDQ45,OUT018,3190.643468,
FDM33,OUT027,5041.821497,
FDO15,OUT010,207.1305035,
FDM46,OUT013,1349.512904,
FDR03,OUT045,3805.948604,
FDY49,OUT018,2633.839844,
FDQ60,OUT045,1892.066145,
FDW10,OUT049,2843.569789,
FDO51,OUT049,790.3307954,
FDJ40,OUT018,1673.983987,
FDS20,OUT018,3190.643468,
FDU45,OUT013,1892.066145,
FDV02,OUT035,2633.839844,
FDN09,OUT046,3805.948604,
NCM55,OUT027,5041.821497,
FDN23,OUT018,2432.662581,
FDY31,OUT010,471.3068467,
FDW03,OUT010,207.1305035,
FDD14,OUT046,3190.643468,
FDV23,OUT017,2006.470742,
DRI03,OUT045,2843.569789,
FDN13,OUT035,1559.973641,
FDF45,OUT027,1068.506766,
FDU46,OUT035,1349.512904,
FDB57,OUT049,3805.948604,
FDV12,OUT049,1559.973641,
FDQ58,OUT013,2432.662581,
NCA18,OUT017,1892.066145,
FDH52,OUT049,1068.506766,
FDM24,OUT018,2432.662581,
NCP43,OUT027,5041.821497,
NCO18,OUT019,471.3068467,
FDM32,OUT017,1349.512904,
NCL07,OUT017,646.0888158,
FDK03,OUT013,4125.174475,
FDP59,OUT017,1673.983987,
FDQ24,OUT049,4125.174475,
FDQ16,OUT018,1673.983987,
FDU44,OUT013,2633.839844,
FDH28,OUT010,207.1305035,
FDV28,OUT019,207.1305035,
FDM22,OUT045,1068.506766,
FDR56,OUT046,3011.525299,
FDV39,OUT049,3011.525299,
FDU37,OUT019,207.1305035,
FDQ11,OUT010,471.3068467,
FDX02,OUT045,3805.948604,
NCS42,OUT018,1349.512904,
FDY57,OUT027,2846.400823,
FDB21,OUT049,3549.850948,
FDE28,OUT017,3549.850948,
FDQ55,OUT017,1892.066145,
FDA48,OUT049,3549.850948,
FDZ19,OUT045,2843.569789,
NCC43,OUT045,4125.174475,
NCV18,OUT046,1349.512904,
NCA42,OUT018,2633.839844,
FDY45,OUT046,4125.174475,
NCC30,OUT045,2843.569789,
FDM57,OUT013,1349.512904,
FDL09,OUT010,471.3068467,
FDB09,OUT027,2846.400823,
FDT44,OUT035,1892.066145,
NCT06,OUT027,5041.821497,
FDX26,OUT049,3190.643468,
FDK32,OUT013,2432.662581,
DRA12,OUT046,2006.470742,
FDO46,OUT010,471.3068467,
FDE52,OUT013,1349.512904,
NCH42,OUT045,3805.948604,
FDV08,OUT035,646.0888158,
FDB47,OUT018,3549.850948,
FDC28,OUT010,207.1305035,
FDD22,OUT046,1892.066145,
FDS07,OUT027,2846.400823,
DRI13,OUT045,3805.948604,
FDG32,OUT018,3549.850948,
FDU14,OUT017,4125.174475,
FDD28,OUT019,207.1305035,
NCP41,OUT017,1673.983987,
FDS08,OUT049,2843.569789,
FDX47,OUT045,2633.839844,
FDC53,OUT019,207.1305035,
FDQ19,OUT035,3805.948604,
FDL14,OUT045,2432.662581,
FDM33,OUT019,471.3068467,
FDA51,OUT045,1892.066145,
FDZ27,OUT018,790.3307954,
FDT04,OUT046,646.0888158,
DRC13,OUT049,2006.470742,
FDR16,OUT027,5041.821497,
FDQ03,OUT027,5041.821497,
FDE38,OUT035,2633.839844,
DRH23,OUT027,1068.506766,
FDT11,OUT019,471.3068467,
FDD09,OUT035,2843.569789,
FDR40,OUT045,1349.512904,
FDX07,OUT017,3190.643468,
FDR07,OUT035,1559.973641,
FDA51,OUT017,1892.066145,
FDT59,OUT019,471.3068467,
FDF20,OUT017,3011.525299,
FDR13,OUT045,1892.066145,
FDY26,OUT049,3805.948604,
FDW04,OUT017,2006.470742,
FDK52,OUT017,3549.850948,
FDN60,OUT049,2633.839844,
FDM09,OUT019,471.3068467,
FDP46,OUT049,1349.512904,
FDB50,OUT019,207.1305035,
NCQ29,OUT049,4125.174475,
FDP16,OUT027,5041.821497,
FDX33,OUT018,2633.839844,
FDP07,OUT010,471.3068467,
FDN22,OUT046,4125.174475,
FDF39,OUT049,4125.174475,
FDS21,OUT017,1068.506766,
NCM42,OUT013,1673.983987,
FDK50,OUT019,471.3068467,
DRF13,OUT027,5041.821497,
FDH35,OUT018,2633.839844,
FDP60,OUT018,1559.973641,
DRJ49,OUT027,2846.400823,
NCT42,OUT019,471.3068467,
FDE38,OUT049,2633.839844,
FDI04,OUT049,3011.525299,
NCH54,OUT045,2633.839844,
FDT56,OUT049,1068.506766,
DRD15,OUT018,3805.948604,
FDV58,OUT013,3011.525299,
FDP21,OUT049,3190.643468,
FDH05,OUT013,3549.850948,
FDR10,OUT027,5041.821497,
NCP06,OUT045,2432.662581,
FDF33,OUT049,1673.983987,
DRK37,OUT013,3190.643468,
DRH49,OUT045,1349.512904,
FDT58,OUT013,2633.839844,
FDD41,OUT018,1673.983987,
FDP40,OUT018,1673.983987,
FDM51,OUT027,2846.400823,
FDO45,OUT010,207.1305035,
FDW33,OUT010,207.1305035,
FDY24,OUT045,1068.506766,
FDB10,OUT010,471.3068467,
FDM40,OUT035,2006.470742,
NCI06,OUT017,3190.643468,
FDW12,OUT019,471.3068467,
FDX48,OUT027,5041.821497,
NCW05,OUT027,2846.400823,
FDX27,OUT017,1559.973641,
DRM37,OUT045,3011.525299,
FDA38,OUT045,3805.948604,
FDR36,OUT046,646.0888158,
FDZ45,OUT046,3011.525299,
FDG05,OUT017,2633.839844,
FDK28,OUT013,4125.174475,
FDV47,OUT045,1349.512904,
FDN21,OUT045,2633.839844,
FDP20,OUT027,2846.400823,
FDI35,OUT045,3190.643468,
DRY23,OUT013,646.0888158,
FDA56,OUT017,2006.470742,
FDB09,OUT013,2117.45138,
NCO26,OUT027,2846.400823,
FDQ49,OUT018,2432.662581,
FDI52,OUT027,2846.400823,
FDZ44,OUT027,2846.400823,
FDZ09,OUT018,2633.839844,
FDY03,OUT049,1892.066145,
NCG42,OUT017,2117.45138,
DRI13,OUT027,5041.821497,
FDQ32,OUT013,2117.45138,
FDW16,OUT035,1349.512904,
FDU27,OUT046,790.3307954,
FDR28,OUT010,471.3068467,
FDQ49,OUT010,471.3068467,
FDS37,OUT046,1892.066145,
FDW26,OUT018,3549.850948,
FDX12,OUT018,3805.948604,
NCP06,OUT013,2432.662581,
FDW45,OUT010,471.3068467,
NCN30,OUT049,1559.973641,
FDN24,OUT049,1068.506766,
NCL41,OUT027,646.0888158,
FDR02,OUT019,207.1305035,
FDD09,OUT010,471.3068467,
FDS33,OUT010,207.1305035,
FDU22,OUT045,1892.066145,
FDI53,OUT013,2633.839844,
DRH01,OUT049,2843.569789,
FDX32,OUT013,2117.45138,
NCP30,OUT018,646.0888158,
FDB60,OUT045,3011.525299,
FDB14,OUT049,1349.512904,
NCP02,OUT035,1068.506766,
FDJ10,OUT017,2006.470742,
FDG34,OUT046,1673.983987,
NCB18,OUT017,1349.512904,
FDM16,OUT049,1068.506766,
FDW25,OUT018,1349.512904,
FDB35,OUT010,207.1305035,
DRN11,OUT013,2006.470742,
FDF41,OUT019,471.3068467,
FDH16,OUT045,1349.512904,
NCQ50,OUT018,3805.948604,
DRH23,OUT018,1068.506766,
DRJ37,OUT013,2432.662581,
DRJ24,OUT027,5041.821497,
FDY16,OUT035,3190.643468,
FDQ27,OUT045,1673.983987,
FDZ33,OUT045,2432.662581,
FDF29,OUT045,2117.45138,
FDA08,OUT049,2633.839844,
FDG31,OUT046,1068.506766,
FDE34,OUT019,471.3068467,
NCR30,OUT027,1068.506766,
FDV33,OUT035,4125.174475,
DRZ24,OUT018,2006.470742,
NCL54,OUT035,2843.569789,
FDR12,OUT049,2843.569789,
NCC54,OUT046,3549.850948,
DRN59,OUT013,790.3307954,
FDX50,OUT019,207.1305035,
FDV31,OUT027,5041.821497,
NCA29,OUT027,5041.821497,
FDW60,OUT049,2843.569789,
FDX08,OUT017,3190.643468,
DRD49,OUT013,3549.850948,
FDD33,OUT046,3549.850948,
FDW35,OUT013,646.0888158,
FDJ36,OUT017,1673.983987,
FDV51,OUT035,2633.839844,
FDW36,OUT046,1673.983987,
FDH35,OUT046,2633.839844,
NCS30,OUT027,2846.400823,
FDN49,OUT017,646.0888158,
FDL08,OUT018,3805.948604,
FDI09,OUT013,3549.850948,
FDP19,OUT018,2006.470742,
FDU21,OUT010,207.1305035,
NCP41,OUT045,1673.983987,
FDY10,OUT013,1892.066145,
FDP12,OUT018,646.0888158,
NCN26,OUT049,1892.066145,
FDK44,OUT013,2843.569789,
FDC28,OUT049,1673.983987,
FDJ41,OUT027,5041.821497,
NCT29,OUT035,2006.470742,
NCH42,OUT019,471.3068467,
FDU60,OUT018,2633.839844,
FDS02,OUT045,3011.525299,
FDC51,OUT046,2006.470742,
FDU03,OUT013,3190.643468,
FDX39,OUT045,3805.948604,
NCY05,OUT010,207.1305035,
NCL06,OUT027,5041.821497,
FDD32,OUT035,1349.512904,
NCN41,OUT045,2117.45138,
NCX53,OUT049,2117.45138,
FDU57,OUT019,471.3068467,
FDQ23,OUT046,1673.983987,
FDQ52,OUT045,4125.174475,
FDC14,OUT045,646.0888158,
FDY09,OUT035,2843.569789,
FDQ28,OUT045,2432.662581,
FDV25,OUT046,3805.948604,
FDJ07,OUT035,1892.066145,
DRB25,OUT049,1673.983987,
FDK52,OUT019,471.3068467,
FDY52,OUT027,1068.506766,
FDB28,OUT046,3011.525299,
FDT36,OUT035,646.0888158,
FDV25,OUT017,3805.948604,
NCN07,OUT027,2846.400823,
FDC57,OUT017,3011.525299,
FDQ03,OUT018,3549.850948,
FDU23,OUT017,2633.839844,
NCX41,OUT035,3805.948604,
NCD06,OUT035,790.3307954,
FDW08,OUT045,1673.983987,
NCU29,OUT017,2432.662581,
NCE06,OUT013,2633.839844,
FDV52,OUT010,207.1305035,
FDB02,OUT017,2843.569789,
NCR18,OUT045,646.0888158,
FDK16,OUT049,1559.973641,
NCQ29,OUT010,471.3068467,
FDZ01,OUT019,207.1305035,
FDW27,OUT035,2633.839844,
FDD17,OUT018,3805.948604,
FDW39,OUT013,2843.569789,
DRH59,OUT045,1068.506766,
FDS52,OUT013,1559.973641,
FDU40,OUT027,5041.821497,
NCF54,OUT013,2843.569789,
FDH46,OUT045,1673.983987,
NCP14,OUT049,1673.983987,
FDH50,OUT049,3190.643468,
DRF15,OUT010,471.3068467,
FDV27,OUT027,2846.400823,
NCJ06,OUT049,2117.45138,
FDN02,OUT018,3549.850948,
FDQ51,OUT049,790.3307954,
FDQ07,OUT017,3549.850948,
FDS45,OUT049,1673.983987,
NCJ06,OUT045,2117.45138,
FDD36,OUT035,1892.066145,
FDY25,OUT045,3190.643468,
FDU52,OUT046,2432.662581,
DRK47,OUT017,3549.850948,
NCL30,OUT017,2117.45138,
FDN22,OUT035,4125.174475,
NCF30,OUT027,2846.400823,
FDK03,OUT035,4125.174475,
FDT45,OUT017,1068.506766,
NCC54,OUT027,5041.821497,
FDP08,OUT018,3011.525299,
FDU44,OUT046,2633.839844,
DRG39,OUT035,1068.506766,
FDU32,OUT049,2006.470742,
FDY27,OUT049,2843.569789,
NCP54,OUT013,2117.45138,
NCZ41,OUT049,2117.45138,
DRL49,OUT013,2006.470742,
FDI05,OUT018,1349.512904,
FDY56,OUT045,3805.948604,
DRC13,OUT013,2006.470742,
NCV29,OUT017,2843.569789,
FDR24,OUT049,1349.512904,
FDZ34,OUT018,3011.525299,
FDP37,OUT035,2117.45138,
FDX08,OUT027,5041.821497,
FDS57,OUT045,2117.45138,
NCG18,OUT049,1673.983987,
FDK25,OUT018,2633.839844,
FDH53,OUT049,1349.512904,
DRI59,OUT018,3805.948604,
FDA52,OUT046,2843.569789,
FDT20,OUT010,207.1305035,
FDE36,OUT019,471.3068467,
FDI24,OUT017,2843.569789,
FDB28,OUT018,3011.525299,
FDV11,OUT017,2843.569789,
FDP01,OUT046,2432.662581,
FDD34,OUT027,5041.821497,
FDJ50,OUT027,790.3307954,
FDZ44,OUT013,1892.066145,
DRO59,OUT035,1068.506766,
DRB48,OUT045,646.0888158,
FDR21,OUT018,2843.569789,
NCE42,OUT010,471.3068467,
FDO23,OUT046,1349.512904,
NCE30,OUT018,3549.850948,
FDQ22,OUT035,646.0888158,
FDY01,OUT045,1892.066145,
FDS08,OUT017,2843.569789,
FDG28,OUT018,3805.948604,
FDQ51,OUT018,790.3307954,
FDB05,OUT017,4125.174475,
FDO56,OUT049,1892.066145,
FDE02,OUT018,1349.512904,
FDN45,OUT017,3549.850948,
FDS09,OUT013,790.3307954,
NCA54,OUT018,3190.643468,
FDP09,OUT010,471.3068467,
FDC53,OUT045,1559.973641,
NCM55,OUT017,3190.643468,
FDL09,OUT018,2633.839844,
FDA11,OUT019,207.1305035,
FDA50,OUT045,1559.973641,
FDC23,OUT017,2843.569789,
FDE22,OUT049,2633.839844,
FDD23,OUT046,3190.643468,
NCA29,OUT049,2843.569789,
FDK38,OUT046,2432.662581,
DRC13,OUT046,2006.470742,
NCP43,OUT049,2843.569789,
FDX28,OUT049,1559.973641,
FDF08,OUT049,1349.512904,
FDZ33,OUT046,2432.662581,
FDD10,OUT049,2843.569789,
FDO58,OUT017,2633.839844,
FDI50,OUT017,3805.948604,
FDO58,OUT045,2633.839844,
FDX08,OUT013,3190.643468,
NCK17,OUT010,207.1305035,
FDF39,OUT035,4125.174475,
FDU45,OUT010,207.1305035,
NCJ18,OUT018,1892.066145,
DRC27,OUT019,471.3068467,
DRC25,OUT035,1349.512904,
FDU59,OUT035,2633.839844,
FDU28,OUT035,3190.643468,
NCP30,OUT046,646.0888158,
FDB39,OUT018,1068.506766,
FDE41,OUT013,1349.512904,
DRH11,OUT010,207.1305035,
FDA58,OUT045,3549.850948,
FDU50,OUT046,1892.066145,
FDM34,OUT013,2117.45138,
FDM44,OUT027,2846.400823,
FDR39,OUT045,3190.643468,
FDM25,OUT045,2843.569789,
FDQ49,OUT049,2432.662581,
DRH25,OUT018,1068.506766,
FDM09,OUT027,5041.821497,
FDL44,OUT019,471.3068467,
NCR42,OUT018,646.0888158,
DRL59,OUT046,1068.506766,
FDX43,OUT013,2633.839844,
DRK47,OUT010,471.3068467,
FDU48,OUT018,2117.45138,
FDY12,OUT045,790.3307954,
NCN43,OUT018,2006.470742,
NCM55,OUT018,3190.643468,
FDQ21,OUT027,2846.400823,
FDX13,OUT035,4125.174475,
NCK30,OUT027,5041.821497,
FDG20,OUT049,2843.569789,
DRG27,OUT017,646.0888158,
FDY14,OUT018,4125.174475,
FDP59,OUT035,1673.983987,
FDU60,OUT017,2633.839844,
NCC18,OUT019,471.3068467,
DRJ39,OUT017,3805.948604,
FDS07,OUT049,1892.066145,
FDM08,OUT027,5041.821497,
FDP51,OUT045,2117.45138,
FDU16,OUT035,1349.512904,
FDH12,OUT013,1673.983987,
DRE48,OUT010,471.3068467,
NCL42,OUT027,5041.821497,
FDR21,OUT045,2843.569789,
NCW29,OUT035,2117.45138,
FDO11,OUT013,4125.174475,
NCM31,OUT049,2006.470742,
FDV35,OUT019,471.3068467,
FDF58,OUT017,1068.506766,
NCE43,OUT049,2633.839844,
FDA02,OUT035,2432.662581,
DRL37,OUT010,207.1305035,
FDR24,OUT018,1349.512904,
FDW59,OUT049,1349.512904,
FDS22,OUT049,790.3307954,
FDW24,OUT017,790.3307954,
FDU24,OUT035,1559.973641,
FDA21,OUT027,5041.821497,
FDH58,OUT027,2846.400823,
FDW36,OUT018,1673.983987,
FDI45,OUT027,5041.821497,
FDU01,OUT018,3190.643468,
FDF35,OUT027,2846.400823,
FDU43,OUT019,471.3068467,
FDE24,OUT019,471.3068467,
FDK50,OUT049,2633.839844,
FDG31,OUT045,1068.506766,
FDC60,OUT045,1349.512904,
FDL36,OUT013,1349.512904,
FDP21,OUT013,3190.643468,
FDW16,OUT045,1349.512904,
FDX02,OUT017,3805.948604,
FDQ58,OUT027,5041.821497,
FDT51,OUT046,1673.983987,
FDD59,OUT049,1349.512904,
NCM42,OUT018,1673.983987,
FDA57,OUT018,646.0888158,
FDZ48,OUT035,1673.983987,
FDE46,OUT045,2432.662581,
NCZ30,OUT019,207.1305035,
FDB56,OUT017,3190.643468,
FDA25,OUT027,2846.400823,
FDD20,OUT013,2117.45138,
FDL25,OUT013,1349.512904,
NCO18,OUT049,2843.569789,
FDJ45,OUT017,646.0888158,
FDR12,OUT035,2633.839844,
NCF19,OUT010,207.1305035,
FDK25,OUT046,2633.839844,
NCR17,OUT046,1892.066145,
FDC52,OUT046,2432.662581,
NCA54,OUT017,3190.643468,
FDR45,OUT010,471.3068467,
NCM19,OUT049,1892.066145,
FDF39,OUT027,5041.821497,
FDX23,OUT049,1559.973641,
FDD58,OUT027,2846.400823,
FDX28,OUT013,1559.973641,
NCD31,OUT013,2633.839844,
FDU57,OUT018,2432.662581,
FDI27,OUT046,790.3307954,
NCM42,OUT046,1673.983987,
FDD32,OUT027,2846.400823,
FDI34,OUT013,3549.850948,
NCM29,OUT049,2006.470742,
FDG46,OUT018,1892.066145,
DRC01,OUT010,207.1305035,
FDB15,OUT027,5041.821497,
NCA17,OUT027,5041.821497,
FDF10,OUT046,2432.662581,
FDR26,OUT027,5041.821497,
FDI02,OUT049,1673.983987,
NCM54,OUT010,207.1305035,
FDF14,OUT013,2432.662581,
FDJ33,OUT010,207.1305035,
FDM20,OUT035,3805.948604,
FDC03,OUT027,5041.821497,
NCX05,OUT046,1892.066145,
NCM41,OUT027,2846.400823,
NCU29,OUT010,471.3068467,
FDQ59,OUT017,1349.512904,
FDH46,OUT010,207.1305035,
FDH09,OUT013,790.3307954,
NCD06,OUT045,790.3307954,
FDC15,OUT035,2432.662581,
DRD37,OUT027,790.3307954,
FDT28,OUT027,5041.821497,
FDR28,OUT027,5041.821497,
FDT38,OUT017,1349.512904,
FDV34,OUT027,1068.506766,
FDY52,OUT035,1068.506766,
FDB34,OUT013,1349.512904,
DRL23,OUT018,1673.983987,
DRB24,OUT046,2432.662581,
FDJ50,OUT046,1068.506766,
FDQ49,OUT035,2432.662581,
FDP20,OUT035,2117.45138,
FDV19,OUT027,5041.821497,
NCR54,OUT045,3011.525299,
FDO09,OUT010,471.3068467,
FDS57,OUT018,2117.45138,
FDN10,OUT049,1892.066145,
FDV23,OUT049,2006.470742,
FDY28,OUT049,3549.850948,
DRG51,OUT013,2633.839844,
FDD45,OUT019,207.1305035,
NCL18,OUT027,5041.821497,
NCM29,OUT013,2006.470742,
FDF17,OUT027,5041.821497,
FDE22,OUT017,2633.839844,
FDQ22,OUT017,646.0888158,
FDS01,OUT013,2843.569789,
FDW35,OUT027,646.0888158,
FDJ33,OUT046,2006.470742,
NCF54,OUT035,2843.569789,
FDE09,OUT013,1673.983987,
NCE06,OUT045,2633.839844,
DRH49,OUT049,1349.512904,
FDY43,OUT045,2633.839844,
NCT05,OUT017,4125.174475,
FDZ34,OUT045,3011.525299,
FDL38,OUT017,1349.512904,
FDZ31,OUT017,3190.643468,
FDR14,OUT035,1068.506766,
NCN54,OUT049,1349.512904,
NCC42,OUT027,2846.400823,
FDK08,OUT017,1559.973641,
FDP59,OUT013,1673.983987,
FDV22,OUT035,2633.839844,
FDD33,OUT035,3549.850948,
DRE60,OUT027,5041.821497,
FDK52,OUT046,3549.850948,
FDA02,OUT017,2432.662581,
FDM56,OUT049,1673.983987,
FDE57,OUT035,2006.470742,
FDM32,OUT045,1349.512904,
NCQ30,OUT027,2846.400823,
FDQ27,OUT027,2846.400823,
FDT60,OUT027,2846.400823,
FDU43,OUT049,3805.948604,
NCO55,OUT035,1673.983987,
FDG02,OUT045,3011.525299,
FDJ28,OUT013,3011.525299,
FDP40,OUT045,1673.983987,
FDJ38,OUT045,3011.525299,
NCC54,OUT017,3549.850948,
NCZ41,OUT046,2117.45138,
FDK38,OUT019,471.3068467,
FDU52,OUT013,2432.662581,
FDC40,OUT046,1068.506766,
NCR30,OUT017,1068.506766,
NCN18,OUT017,1673.983987,
FDB50,OUT035,1349.512904,
FDG04,OUT013,3190.643468,
FDR26,OUT035,2843.569789,
NCT17,OUT018,3190.643468,
FDX35,OUT027,5041.821497,
FDS12,OUT046,2006.470742,
NCZ29,OUT027,2846.400823,
FDB38,OUT010,471.3068467,
FDP12,OUT013,646.0888158,
FDP22,OUT046,790.3307954,
FDS26,OUT018,4125.174475,
FDR52,OUT046,3011.525299,
DRJ13,OUT046,2633.839844,
FDU48,OUT027,2846.400823,
FDE29,OUT035,1068.506766,
NCT29,OUT049,2006.470742,
DRK37,OUT018,3190.643468,
FDK55,OUT046,1349.512904,
FDR07,OUT046,1559.973641,
FDO21,OUT027,5041.821497,
FDK46,OUT049,4125.174475,
FDB12,OUT045,1673.983987,
FDT31,OUT027,5041.821497,
FDJ33,OUT045,2006.470742,
FDC26,OUT027,2846.400823,
NCQ02,OUT045,3190.643468,
FDP08,OUT010,471.3068467,
FDB11,OUT027,5041.821497,
FDV55,OUT013,2432.662581,
FDW20,OUT049,2117.45138,
NCJ18,OUT019,207.1305035,
FDC41,OUT018,1068.506766,
FDE14,OUT027,2846.400823,
FDG35,OUT013,2843.569789,
FDF45,OUT035,1068.506766,
FDS19,OUT027,2846.400823,
FDS58,OUT019,471.3068467,
FDA26,OUT017,3549.850948,
FDM32,OUT049,1349.512904,
FDL45,OUT046,2117.45138,
FDZ55,OUT049,2633.839844,
FDY37,OUT049,2117.45138,
FDO46,OUT046,3011.525299,
FDQ60,OUT046,1892.066145,
FDA19,OUT018,2006.470742,
FDL15,OUT046,2432.662581,
FDM10,OUT018,3549.850948,
NCL05,OUT017,646.0888158,
DRK49,OUT010,207.1305035,
NCE18,OUT027,5041.821497,
FDG40,OUT049,646.0888158,
DRI59,OUT045,3805.948604,
FDK28,OUT035,4125.174475,
NCD06,OUT019,207.1305035,
FDO11,OUT019,471.3068467,
FDK27,OUT046,1892.066145,
FDT43,OUT027,790.3307954,
FDD38,OUT018,1673.983987,
FDA16,OUT049,3805.948604,
FDL14,OUT027,5041.821497,
NCM17,OUT049,790.3307954,
FDD20,OUT045,2117.45138,
FDA40,OUT045,1349.512904,
FDL43,OUT045,1349.512904,
FDV15,OUT045,1673.983987,
FDE52,OUT046,1349.512904,
NCL17,OUT010,471.3068467,
NCJ31,OUT045,3549.850948,
FDR60,OUT045,1349.512904,
NCA18,OUT035,1892.066145,
FDS21,OUT027,1068.506766,
FDW09,OUT035,1349.512904,
FDL26,OUT035,2432.662581,
FDS47,OUT018,1349.512904,
FDC39,OUT046,3549.850948,
FDT51,OUT035,1673.983987,
FDK40,OUT035,4125.174475,
NCG19,OUT045,3549.850948,
FDZ07,OUT046,1068.506766,
FDF08,OUT027,2846.400823,
FDO04,OUT013,1068.506766,
FDK41,OUT018,1349.512904,
FDP15,OUT049,4125.174475,
NCD43,OUT018,1673.983987,
NCP18,OUT013,2432.662581,
FDZ51,OUT046,1349.512904,
DRH13,OUT035,1673.983987,
FDF38,OUT045,646.0888158,
NCI43,OUT045,790.3307954,
FDM38,OUT027,1068.506766,
FDS03,OUT013,1068.506766,
DRJ47,OUT017,2843.569789,
FDT50,OUT010,207.1305035,
FDV02,OUT046,2843.569789,
NCG18,OUT017,1673.983987,
FDW52,OUT046,2633.839844,
FDS40,OUT035,646.0888158,
FDN31,OUT017,3011.525299,
FDA37,OUT045,2006.470742,
FDA15,OUT046,4125.174475,
FDL39,OUT046,3190.643468,
FDJ53,OUT045,2006.470742,
FDX22,OUT013,3805.948604,
NCZ42,OUT045,3805.948604,
FDD56,OUT027,5041.821497,
FDD40,OUT017,3011.525299,
FDS50,OUT013,3805.948604,
NCN14,OUT013,3190.643468,
FDT15,OUT013,3190.643468,
NCS18,OUT027,2846.400823,
NCO26,OUT010,207.1305035,
FDF58,OUT018,1068.506766,
NCB19,OUT013,1349.512904,
FDH26,OUT017,2117.45138,
DRB24,OUT027,5041.821497,
FDA49,OUT018,1349.512904,
FDB32,OUT045,1559.973641,
FDI36,OUT017,3011.525299,
NCA17,OUT010,471.3068467,
FDH22,OUT013,2006.470742,
NCM26,OUT018,2432.662581,
FDT15,OUT027,5041.821497,
FDB16,OUT018,1349.512904,
NCP54,OUT027,2846.400823,
FDJ36,OUT013,1673.983987,
FDO28,OUT045,1892.066145,
FDU09,OUT013,1068.506766,
FDF29,OUT017,2117.45138,
FDY08,OUT013,2006.470742,
DRJ59,OUT018,646.0888158,
FDT23,OUT027,2846.400823,
FDU15,OUT018,646.0888158,
FDT47,OUT013,1559.973641,
FDI53,OUT019,471.3068467,
FDR59,OUT018,4125.174475,
FDD53,OUT035,646.0888158,
FDY51,OUT017,3549.850948,
FDT04,OUT049,646.0888158,
FDU51,OUT049,2843.569789,
FDG14,OUT035,2432.662581,
NCU06,OUT045,3549.850948,
DRG25,OUT046,3190.643468,
DRH49,OUT035,1349.512904,
FDN15,OUT035,2117.45138,
FDL43,OUT018,1068.506766,
NCT18,OUT049,3190.643468,
NCB31,OUT013,4125.174475,
FDK57,OUT035,1892.066145,
FDY04,OUT019,471.3068467,
NCP54,OUT046,2117.45138,
FDF41,OUT013,3549.850948,
FDM01,OUT045,1673.983987,
FDW03,OUT045,1673.983987,
FDF28,OUT045,2117.45138,
FDY37,OUT017,2117.45138,
FDQ03,OUT017,3549.850948,
FDP51,OUT027,2846.400823,
FDJ40,OUT017,1673.983987,
FDC32,OUT049,1349.512904,
DRI49,OUT027,2846.400823,
NCW54,OUT017,1068.506766,
FDF09,OUT017,646.0888158,
FDP45,OUT018,4125.174475,
DRJ23,OUT018,3190.643468,
FDS59,OUT017,1673.983987,
FDY08,OUT046,2006.470742,
FDX16,OUT049,2432.662581,
FDY16,OUT018,3190.643468,
FDK32,OUT035,2432.662581,
FDQ22,OUT013,646.0888158,
NCC31,OUT018,2432.662581,
FDG58,OUT049,2432.662581,
DRF48,OUT013,3190.643468,
DRH36,OUT049,1068.506766,
NCR30,OUT035,1068.506766,
FDB03,OUT019,471.3068467,
FDZ28,OUT027,2846.400823,
FDR35,OUT017,3011.525299,
DRD15,OUT027,5041.821497,
FDJ33,OUT019,207.1305035,
FDA56,OUT010,207.1305035,
FDP56,OUT046,790.3307954,
NCT30,OUT046,790.3307954,
FDK15,OUT017,1559.973641,
FDH44,OUT018,2432.662581,
FDV01,OUT013,2432.662581,
DRG03,OUT017,2432.662581,
FDG50,OUT027,2846.400823,
FDR16,OUT010,471.3068467,
FDZ60,OUT046,1673.983987,
DRG03,OUT045,2432.662581,
FDS56,OUT018,4125.174475,
FDU33,OUT045,790.3307954,
DRD27,OUT035,1559.973641,
FDW22,OUT046,3805.948604,
DRA24,OUT045,2633.839844,
FDF38,OUT049,646.0888158,
FDX48,OUT013,2432.662581,
FDS58,OUT018,2633.839844,
FDC32,OUT046,1349.512904,
NCQ29,OUT045,4125.174475,
DRK39,OUT018,1349.512904,
NCS38,OUT017,1892.066145,
DRO47,OUT013,1673.983987,
DRG27,OUT027,646.0888158,
FDC57,OUT027,5041.821497,
FDS55,OUT046,2432.662581,
NCJ06,OUT018,1892.066145,
FDO01,OUT019,207.1305035,
NCM55,OUT045,3190.643468,
FDC52,OUT049,2432.662581,
FDQ15,OUT045,1349.512904,
NCT30,OUT027,790.3307954,
NCR42,OUT027,646.0888158,
FDD28,OUT035,1068.506766,
FDQ34,OUT049,1673.983987,
FDZ12,OUT027,2846.400823,
DRE13,OUT019,207.1305035,
NCN07,OUT019,207.1305035,
FDM28,OUT035,3190.643468,
FDI10,OUT017,2843.569789,
FDQ25,OUT013,2633.839844,
FDA38,OUT010,471.3068467,
DRI13,OUT049,3805.948604,
FDY20,OUT027,2846.400823,
NCZ53,OUT035,3190.643468,
NCM31,OUT013,2432.662581,
DRB01,OUT017,3190.643468,
DRF37,OUT046,4125.174475,
NCF42,OUT049,2843.569789,
FDF16,OUT018,2432.662581,
FDB41,OUT013,790.3307954,
FDR34,OUT013,3805.948604,
FDR15,OUT018,2432.662581,
NCV42,OUT019,207.1305035,
FDW51,OUT035,3549.850948,
FDU36,OUT017,1559.973641,
FDX60,OUT049,1349.512904,
FDY03,OUT035,1892.066145,
FDW55,OUT045,3805.948604,
FDT01,OUT010,471.3068467,
FDG58,OUT013,2432.662581,
FDK21,OUT017,4125.174475,
NCS41,OUT019,471.3068467,
FDS10,OUT045,3190.643468,
NCT53,OUT046,2633.839844,
FDJ28,OUT018,3011.525299,
FDX44,OUT045,1349.512904,
FDT20,OUT018,646.0888158,
FDO44,OUT017,1673.983987,
NCX17,OUT049,3549.850948,
FDY01,OUT017,1892.066145,
FDJ12,OUT027,5041.821497,
DRK35,OUT018,646.0888158,
FDD47,OUT019,471.3068467,
NCM53,OUT035,1673.983987,
FDO45,OUT013,1349.512904,
NCM42,OUT010,207.1305035,
FDE04,OUT046,2843.569789,
NCI30,OUT027,5041.821497,
FDZ19,OUT013,2843.569789,
FDW57,OUT013,2843.569789,
FDA25,OUT013,1673.983987,
FDT22,OUT046,1068.506766,
FDP51,OUT013,1892.066145,
FDD48,OUT027,2846.400823,
FDY39,OUT035,3190.643468,
FDO48,OUT010,471.3068467,
FDD23,OUT027,5041.821497,
DRN35,OUT027,646.0888158,
FDT01,OUT035,3549.850948,
FDC20,OUT010,207.1305035,
DRJ35,OUT035,1068.506766,
FDB32,OUT046,1349.512904,
FDL24,OUT046,2843.569789,
NCV42,OUT035,1892.066145,
FDZ46,OUT046,1673.983987,
FDC15,OUT013,2432.662581,
FDD08,OUT019,207.1305035,
FDY50,OUT049,1349.512904,
FDD36,OUT013,1892.066145,
FDG57,OUT027,790.3307954,
FDL21,OUT018,646.0888158,
FDN16,OUT027,2846.400823,
FDJ09,OUT027,790.3307954,
FDS01,OUT010,471.3068467,
FDV33,OUT017,4125.174475,
DRE12,OUT017,1892.066145,
FDR07,OUT013,1559.973641,
FDP48,OUT010,471.3068467,
NCB55,OUT035,1068.506766,
FDQ08,OUT013,1068.506766,
FDR34,OUT035,3805.948604,
FDO33,OUT046,1673.983987,
FDP13,OUT045,646.0888158,
FDX12,OUT049,3805.948604,
NCT06,OUT049,2633.839844,
FDR16,OUT019,471.3068467,
FDE36,OUT046,2633.839844,
FDZ36,OUT049,3190.643468,
FDV13,OUT045,1349.512904,
NCZ17,OUT035,646.0888158,
FDU56,OUT045,3190.643468,
FDM09,OUT035,2843.569789,
FDV02,OUT017,2843.569789,
FDS34,OUT018,1892.066145,
FDA11,OUT049,1559.973641,
FDP09,OUT017,3805.948604,
FDB29,OUT027,2846.400823,
FDT19,OUT017,2843.569789,
DRH15,OUT017,790.3307954,
FDY38,OUT046,3549.850948,
FDF14,OUT027,5041.821497,
FDN48,OUT010,207.1305035,
FDQ12,OUT013,3805.948604,
NCJ43,OUT045,2843.569789,
FDE17,OUT019,471.3068467,
FDB05,OUT035,4125.174475,
FDH10,OUT045,3011.525299,
NCR06,OUT017,646.0888158,
FDU32,OUT018,2006.470742,
FDD56,OUT049,2843.569789,
FDO36,OUT018,3190.643468,
FDH16,OUT010,207.1305035,
FDX10,OUT018,646.0888158,
FDZ37,OUT017,1349.512904,
FDU31,OUT010,471.3068467,
DRC49,OUT049,2006.470742,
FDL15,OUT045,2432.662581,
FDN32,OUT019,471.3068467,
DRH59,OUT027,1068.506766,
NCU29,OUT049,2432.662581,
FDR37,OUT019,471.3068467,
FDS14,OUT018,2633.839844,
FDU02,OUT027,5041.821497,
FDJ08,OUT035,3011.525299,
NCZ06,OUT045,4125.174475,
FDO31,OUT049,1349.512904,
FDH31,OUT018,1559.973641,
FDS58,OUT017,2633.839844,
NCA53,OUT027,790.3307954,
FDF50,OUT046,3011.525299,
NCW42,OUT049,3805.948604,
NCQ17,OUT045,2432.662581,
FDK51,OUT018,4125.174475,
NCW41,OUT010,471.3068467,
NCR29,OUT017,1068.506766,
FDB08,OUT019,471.3068467,
FDA40,OUT027,2846.400823,
FDL14,OUT018,2633.839844,
FDB47,OUT046,3549.850948,
FDO03,OUT035,3805.948604,
DRK13,OUT019,471.3068467,
FDX13,OUT010,471.3068467,
FDF52,OUT046,3190.643468,
FDT11,OUT013,3190.643468,
FDB08,OUT013,2633.839844,
FDQ28,OUT018,2432.662581,
FDD29,OUT045,4125.174475,
NCQ29,OUT027,5041.821497,
NCO02,OUT013,1068.506766,
FDR56,OUT010,471.3068467,
NCM54,OUT049,2117.45138,
FDP51,OUT035,1892.066145,
FDT38,OUT013,1349.512904,
FDZ20,OUT018,4125.174475,
FDJ53,OUT013,2006.470742,
FDX13,OUT049,4125.174475,
FDP58,OUT035,3549.850948,
NCK31,OUT019,207.1305035,
FDA35,OUT018,2117.45138,
FDV37,OUT018,3011.525299,
NCO07,OUT027,5041.821497,
FDA20,OUT045,3190.643468,
FDZ59,OUT035,2633.839844,
NCY17,OUT017,790.3307954,
FDQ28,OUT035,2432.662581,
FDV35,OUT017,2432.662581,
FDQ36,OUT013,646.0888158,
FDD34,OUT018,2633.839844,
FDK51,OUT045,4125.174475,
FDV31,OUT035,2843.569789,
FDR04,OUT035,1559.973641,
FDR14,OUT049,1068.506766,
DRC36,OUT010,471.3068467,
FDE39,OUT019,207.1305035,
FDP57,OUT049,1673.983987,
FDE57,OUT046,2006.470742,
NCN18,OUT046,1673.983987,
NCQ05,OUT018,2432.662581,
FDW47,OUT035,1892.066145,
FDV46,OUT035,2117.45138,
NCP29,OUT045,1068.506766,
FDE09,OUT018,1673.983987,
NCU06,OUT027,5041.821497,
FDT19,OUT010,471.3068467,
DRF15,OUT017,2432.662581,
DRI51,OUT013,2633.839844,
NCX54,OUT013,1673.983987,
DRE01,OUT013,3549.850948,
NCB07,OUT045,3011.525299,
FDU50,OUT035,1892.066145,
FDG40,OUT035,646.0888158,
FDW10,OUT018,2843.569789,
FDX51,OUT013,3011.525299,
NCP17,OUT045,1068.506766,
FDP21,OUT035,3190.643468,
FDL04,OUT045,1673.983987,
FDV23,OUT013,2006.470742,
FDF24,OUT046,1349.512904,
FDH56,OUT027,2846.400823,
FDB51,OUT049,1068.506766,
FDI58,OUT027,2846.400823,
FDR20,OUT013,790.3307954,
FDC51,OUT018,2006.470742,
FDB16,OUT027,2846.400823,
FDE40,OUT049,1068.506766,
NCM17,OUT035,790.3307954,
FDU56,OUT035,3190.643468,
FDS32,OUT019,207.1305035,
FDX02,OUT049,3805.948604,
FDT39,OUT027,5041.821497,
FDE35,OUT017,1068.506766,
NCI42,OUT019,471.3068467,
DRL23,OUT046,1673.983987,
FDA10,OUT046,2117.45138,
FDA11,OUT013,1559.973641,
NCM06,OUT046,2432.662581,
NCT05,OUT035,4125.174475,
NCQ02,OUT010,471.3068467,
NCY06,OUT049,2117.45138,
FDY56,OUT035,3805.948604,
FDL02,OUT035,1673.983987,
NCI06,OUT035,2843.569789,
FDQ14,OUT045,2432.662581,
FDQ12,OUT017,3805.948604,
FDP36,OUT046,790.3307954,
FDK21,OUT027,5041.821497,
FDO40,OUT045,2432.662581,
NCK54,OUT019,207.1305035,
FDY09,OUT018,2843.569789,
NCW30,OUT049,4125.174475,
NCC55,OUT027,646.0888158,
FDE58,OUT018,1892.066145,
FDR39,OUT013,3190.643468,
FDU28,OUT049,3190.643468,
FDH08,OUT017,3805.948604,
FDG35,OUT045,2843.569789,
FDG22,OUT049,646.0888158,
FDC34,OUT035,2633.839844,
FDP15,OUT018,4125.174475,
FDK34,OUT010,471.3068467,
FDU45,OUT035,1892.066145,
FDQ04,OUT027,646.0888158,
FDX22,OUT018,3805.948604,
FDB45,OUT017,1673.983987,
NCH43,OUT027,5041.821497,
DRE60,OUT046,3549.850948,
FDD17,OUT027,5041.821497,
NCM54,OUT017,2117.45138,
NCH55,OUT013,2117.45138,
NCT06,OUT017,2633.839844,
FDA48,OUT027,5041.821497,
FDY58,OUT027,5041.821497,
FDO25,OUT045,3549.850948,
FDN50,OUT045,1559.973641,
FDH35,OUT035,2633.839844,
FDK09,OUT045,3549.850948,
FDO16,OUT013,1349.512904,
FDW11,OUT045,1068.506766,
FDU47,OUT027,2846.400823,
NCQ42,OUT010,207.1305035,
FDK55,OUT027,2846.400823,
FDN08,OUT049,1892.066145,
FDT57,OUT045,3805.948604,
FDJ12,OUT018,3805.948604,
DRL59,OUT017,790.3307954,
NCN53,OUT046,646.0888158,
FDO51,OUT010,207.1305035,
FDK56,OUT017,3190.643468,
FDY12,OUT035,1068.506766,
FDU15,OUT035,646.0888158,
FDQ19,OUT046,3805.948604,
DRF15,OUT045,2432.662581,
DRE25,OUT019,207.1305035,
FDK57,OUT018,1892.066145,
FDD33,OUT010,471.3068467,
FDR34,OUT027,5041.821497,
FDU04,OUT045,2006.470742,
FDE35,OUT019,207.1305035,
NCD31,OUT035,2633.839844,
FDJ56,OUT035,1559.973641,
NCU53,OUT046,2633.839844,
FDD39,OUT035,3549.850948,
NCU17,OUT019,207.1305035,
FDJ20,OUT046,2117.45138,
NCW41,OUT018,2633.839844,
FDL52,OUT035,646.0888158,
FDS39,OUT035,2006.470742,
DRJ47,OUT045,2843.569789,
FDP13,OUT010,207.1305035,
DRK39,OUT010,207.1305035,
FDF28,OUT010,207.1305035,
FDB09,OUT045,2117.45138,
FDM51,OUT046,1559.973641,
DRM49,OUT018,790.3307954,
DRF23,OUT013,2843.569789,
DRH01,OUT035,2843.569789,
FDH12,OUT027,2846.400823,
FDA28,OUT019,207.1305035,
FDW37,OUT018,1349.512904,
FDF02,OUT046,1673.983987,
DRL37,OUT046,646.0888158,
NCF43,OUT046,2006.470742,
FDH08,OUT010,471.3068467,
FDR34,OUT019,471.3068467,
NCK19,OUT049,3011.525299,
NCD55,OUT018,646.0888158,
FDT27,OUT049,3549.850948,
FDQ57,OUT045,2432.662581,
FDA47,OUT035,2633.839844,
DRG15,OUT027,1068.506766,
FDE05,OUT018,2432.662581,
FDN46,OUT046,1559.973641,
FDX27,OUT027,2846.400823,
FDT51,OUT045,1673.983987,
FDU33,OUT013,790.3307954,
FDJ16,OUT027,1068.506766,
FDD20,OUT019,207.1305035,
FDT36,OUT049,646.0888158,
DRF15,OUT027,5041.821497,
FDN52,OUT010,207.1305035,
FDC22,OUT027,5041.821497,
FDX15,OUT045,2633.839844,
FDT13,OUT013,3190.643468,
FDU04,OUT017,2006.470742,
FDU31,OUT019,471.3068467,
FDW59,OUT027,2846.400823,
NCO29,OUT046,2633.839844,
FDL15,OUT035,2432.662581,
FDI41,OUT049,2432.662581,
FDQ48,OUT049,1559.973641,
DRI39,OUT013,1068.506766,
FDI08,OUT013,4125.174475,
FDC21,OUT049,1673.983987,
FDF58,OUT035,1068.506766,
FDS08,OUT010,471.3068467,
FDE47,OUT045,2117.45138,
NCP18,OUT019,471.3068467,
NCR41,OUT013,1559.973641,
FDA27,OUT013,4125.174475,
FDA43,OUT035,3011.525299,
FDA49,OUT045,1349.512904,
NCE55,OUT018,2843.569789,
DRM49,OUT027,790.3307954,
FDF22,OUT027,5041.821497,
FDQ15,OUT018,1349.512904,
NCS54,OUT017,2843.569789,
NCY05,OUT013,646.0888158,
FDR45,OUT046,3805.948604,
FDK57,OUT049,2006.470742,
FDF41,OUT010,471.3068467,
FDV21,OUT046,2006.470742,
FDD51,OUT046,790.3307954,
FDF33,OUT046,1673.983987,
FDA38,OUT046,3805.948604,
FDR56,OUT045,3011.525299,
NCN41,OUT017,2117.45138,
FDC60,OUT027,2846.400823,
FDB47,OUT045,3549.850948,
DRH01,OUT013,2843.569789,
FDW08,OUT046,1673.983987,
FDF38,OUT027,646.0888158,
FDY32,OUT017,2633.839844,
FDG34,OUT049,1673.983987,
FDG47,OUT019,471.3068467,
NCF18,OUT035,3190.643468,
FDL39,OUT019,471.3068467,
NCH55,OUT035,2117.45138,
DRJ35,OUT049,1068.506766,
FDS44,OUT035,3549.850948,
DRE01,OUT018,3549.850948,
FDY39,OUT013,3190.643468,
FDY32,OUT018,2633.839844,
FDR33,OUT027,2846.400823,
NCP50,OUT049,1349.512904,
FDZ47,OUT018,1559.973641,
FDU57,OUT049,2432.662581,
FDY44,OUT013,3011.525299,
DRH59,OUT018,1068.506766,
FDB03,OUT027,5041.821497,
FDY46,OUT045,3190.643468,
FDM39,OUT045,2843.569789,
FDY36,OUT035,1068.506766,
NCM55,OUT035,3190.643468,
FDJ50,OUT010,207.1305035,
DRL60,OUT013,2432.662581,
NCJ54,OUT049,3805.948604,
FDX59,OUT017,646.0888158,
FDI07,OUT013,3011.525299,
DRF51,OUT010,207.1305035,
FDM14,OUT017,1673.983987,
FDP21,OUT045,3190.643468,
FDE40,OUT035,1068.506766,
FDE05,OUT035,2432.662581,
FDM13,OUT027,2846.400823,
FDC34,OUT027,5041.821497,
NCI55,OUT018,2117.45138,
NCE43,OUT018,2633.839844,
FDW58,OUT018,1673.983987,
FDG60,OUT045,3805.948604,
FDV31,OUT017,2843.569789,
FDR47,OUT013,3011.525299,
FDM60,OUT019,207.1305035,
NCF06,OUT018,4125.174475,
NCN26,OUT027,2846.400823,
FDQ59,OUT049,1349.512904,
FDF09,OUT046,646.0888158,
NCS06,OUT017,4125.174475,
FDT44,OUT046,1892.066145,
FDI19,OUT017,3805.948604,
FDT22,OUT017,1068.506766,
NCF54,OUT027,5041.821497,
DRG25,OUT045,3190.643468,
FDB59,OUT017,3011.525299,
FDQ37,OUT017,3011.525299,
FDP56,OUT035,790.3307954,
FDW44,OUT035,2843.569789,
FDJ26,OUT010,471.3068467,
FDU43,OUT018,3805.948604,
FDW33,OUT045,1673.983987,
NCX53,OUT027,2846.400823,
FDN56,OUT010,471.3068467,
DRF15,OUT049,2432.662581,
FDO33,OUT017,1892.066145,
FDZ39,OUT010,207.1305035,
NCJ19,OUT017,1068.506766,
FDU01,OUT035,3190.643468,
FDT12,OUT035,3805.948604,
NCM18,OUT018,1068.506766,
FDP19,OUT017,2006.470742,
NCR42,OUT049,646.0888158,
FDN10,OUT046,1892.066145,
FDG44,OUT017,1068.506766,
FDQ10,OUT046,2843.569789,
DRH13,OUT049,1673.983987,
FDT52,OUT013,3805.948604,
FDM56,OUT045,1673.983987,
NCO43,OUT010,207.1305035,
NCV29,OUT035,2843.569789,
NCF06,OUT013,4125.174475,
FDO50,OUT035,1349.512904,
FDT59,OUT013,3805.948604,
FDX40,OUT027,646.0888158,
FDE50,OUT017,3190.643468,
FDX51,OUT017,3011.525299,
NCD30,OUT018,1559.973641,
FDK15,OUT013,1559.973641,
FDL12,OUT045,1068.506766,
FDK46,OUT017,4125.174475,
DRH49,OUT010,207.1305035,
FDQ57,OUT046,2432.662581,
FDY59,OUT017,1349.512904,
FDO09,OUT018,4125.174475,
NCG30,OUT035,2117.45138,
FDM09,OUT017,2633.839844,
NCN17,OUT027,2846.400823,
NCS42,OUT013,1349.512904,
FDD02,OUT019,207.1305035,
FDE34,OUT013,3190.643468,
FDU38,OUT045,3011.525299,
FDB33,OUT046,2633.839844,
NCJ29,OUT017,1349.512904,
FDZ27,OUT035,790.3307954,
FDI40,OUT013,1559.973641,
FDG22,OUT013,646.0888158,
FDT51,OUT017,1673.983987,
FDF20,OUT018,3011.525299,
FDV50,OUT035,2117.45138,
FDT02,OUT049,646.0888158,
DRC49,OUT017,2432.662581,
FDF26,OUT049,2432.662581,
FDV52,OUT035,1892.066145,
FDX59,OUT049,646.0888158,
FDV25,OUT035,3805.948604,
FDW23,OUT027,646.0888158,
FDE53,OUT018,1673.983987,
FDA19,OUT017,2006.470742,
FDH22,OUT046,2006.470742,
NCO41,OUT013,1559.973641,
FDX12,OUT017,3805.948604,
FDF17,OUT013,3011.525299,
FDS11,OUT045,3805.948604,
FDR51,OUT035,2432.662581,
FDT49,OUT010,207.1305035,
FDC56,OUT013,2006.470742,
FDR13,OUT027,2846.400823,
FDQ60,OUT035,2006.470742,
FDN38,OUT049,4125.174475,
NCL29,OUT013,2633.839844,
FDO13,OUT027,5041.821497,
FDE26,OUT018,2432.662581,
FDA31,OUT010,471.3068467,
FDX14,OUT035,1068.506766,
FDA34,OUT045,2843.569789,
FDF26,OUT013,2432.662581,
FDE38,OUT045,2633.839844,
DRI11,OUT046,1892.066145,
FDQ60,OUT027,2846.400823,
FDL21,OUT027,646.0888158,
DRC12,OUT027,5041.821497,
FDC47,OUT046,3549.850948,
FDE57,OUT045,2006.470742,
FDT14,OUT045,2006.470742,
NCZ53,OUT046,3190.643468,
FDE28,OUT018,3549.850948,
FDR19,OUT035,2432.662581,
NCF54,OUT019,471.3068467,
FDZ08,OUT046,1349.512904,
NCJ05,OUT018,2432.662581,
FDF59,OUT046,2006.470742,
NCO05,OUT035,1559.973641,
FDW24,OUT018,790.3307954,
NCX42,OUT018,2633.839844,
NCA53,OUT035,790.3307954,
FDI45,OUT019,471.3068467,
FDG46,OUT046,1892.066145,
FDM20,OUT010,471.3068467,
FDW11,OUT010,207.1305035,
FDX08,OUT035,2843.569789,
NCK17,OUT035,646.0888158,
FDK32,OUT018,2432.662581,
NCA42,OUT035,2633.839844,
DRI01,OUT035,2843.569789,
NCL55,OUT049,4125.174475,
DRE25,OUT018,1559.973641,
FDD14,OUT017,3190.643468,
FDB10,OUT046,3549.850948,
DRN11,OUT035,2432.662581,
FDP38,OUT018,790.3307954,
NCA30,OUT017,3190.643468,
FDT15,OUT017,3190.643468,
NCP55,OUT018,1068.506766,
FDF12,OUT035,2432.662581,
FDM21,OUT018,4125.174475,
FDX56,OUT035,3549.850948,
FDF10,OUT017,2432.662581,
FDT32,OUT045,3190.643468,
FDM51,OUT018,1559.973641,
NCR50,OUT018,2432.662581,
FDI19,OUT049,3805.948604,
FDX21,OUT017,1673.983987,
FDR31,OUT035,2432.662581,
FDY02,OUT013,4125.174475,
NCA29,OUT045,2843.569789,
NCX17,OUT046,3549.850948,
FDM12,OUT045,3011.525299,
FDI53,OUT027,5041.821497,
NCU30,OUT049,2633.839844,
FDC56,OUT027,2846.400823,
FDK27,OUT018,2006.470742,
NCK18,OUT017,2633.839844,
FDB52,OUT019,471.3068467,
DRG25,OUT027,5041.821497,
FDZ13,OUT049,790.3307954,
FDB57,OUT019,471.3068467,
FDR40,OUT046,1349.512904,
NCO14,OUT019,207.1305035,
NCN19,OUT045,3011.525299,
FDQ28,OUT019,471.3068467,
FDO13,OUT018,2633.839844,
FDK48,OUT013,1349.512904,
FDU07,OUT018,2432.662581,
FDW20,OUT046,2117.45138,
FDV12,OUT010,207.1305035,
FDH24,OUT013,2633.839844,
FDV59,OUT049,3805.948604,
FDK57,OUT045,2006.470742,
FDL16,OUT027,790.3307954,
NCQ17,OUT046,2432.662581,
FDJ15,OUT018,3190.643468,
FDX24,OUT049,1349.512904,
FDT47,OUT046,1559.973641,
FDT10,OUT049,1068.506766,
FDZ37,OUT018,1349.512904,
FDW43,OUT027,5041.821497,
DRN36,OUT017,1559.973641,
FDJ14,OUT045,1349.512904,
FDA32,OUT013,3805.948604,
FDJ38,OUT019,471.3068467,
FDQ57,OUT017,2432.662581,
NCQ41,OUT019,471.3068467,
FDG56,OUT049,1068.506766,
DRC13,OUT027,2846.400823,
FDV55,OUT035,2432.662581,
FDQ49,OUT045,2633.839844,
FDE29,OUT010,207.1305035,
FDR03,OUT013,3805.948604,
FDD45,OUT049,1349.512904,
FDN38,OUT010,471.3068467,
FDT56,OUT046,1068.506766,
FDT48,OUT045,3011.525299,
FDU03,OUT049,3190.643468,
FDC56,OUT010,207.1305035,
NCO43,OUT027,2846.400823,
FDQ27,OUT017,1559.973641,
FDR03,OUT046,3805.948604,
DRH23,OUT010,207.1305035,
FDG22,OUT045,646.0888158,
NCJ42,OUT013,1673.983987,
FDR24,OUT046,1349.512904,
FDW60,OUT035,2843.569789,
FDJ08,OUT013,3190.643468,
DRL59,OUT018,790.3307954,
FDG60,OUT010,471.3068467,
FDW27,OUT017,2432.662581,
FDX14,OUT018,1349.512904,
FDC20,OUT013,1068.506766,
NCS29,OUT018,4125.174475,
FDJ56,OUT046,1559.973641,
FDB20,OUT019,207.1305035,
FDL28,OUT027,5041.821497,
FDW01,OUT018,2432.662581,
FDL03,OUT046,3011.525299,
FDX22,OUT049,3805.948604,
FDJ21,OUT035,2432.662581,
FDR31,OUT045,2432.662581,
FDG21,OUT035,2432.662581,
FDS22,OUT027,646.0888158,
FDK08,OUT035,1559.973641,
FDE17,OUT018,2432.662581,
NCN30,OUT017,1559.973641,
FDT50,OUT046,1559.973641,
NCX42,OUT049,2633.839844,
FDJ12,OUT035,3805.948604,
NCA18,OUT027,2846.400823,
FDP23,OUT019,471.3068467,
FDX12,OUT013,3805.948604,
FDN40,OUT018,2432.662581,
FDV48,OUT035,1349.512904,
NCY54,OUT013,2843.569789,
FDL16,OUT010,207.1305035,
FDR45,OUT018,3805.948604,
FDJ52,OUT046,2633.839844,
DRG01,OUT017,1349.512904,
FDP52,OUT013,3549.850948,
FDU58,OUT017,3190.643468,
FDL02,OUT045,1673.983987,
FDG28,OUT013,3805.948604,
FDA19,OUT035,2006.470742,
FDW46,OUT027,1068.506766,
NCD43,OUT049,1673.983987,
DRG39,OUT013,790.3307954,
NCF55,OUT049,646.0888158,
FDJ07,OUT046,1892.066145,
FDE08,OUT046,2432.662581,
FDP56,OUT019,207.1305035,
FDT45,OUT045,1068.506766,
FDF17,OUT018,3011.525299,
FDX44,OUT046,1349.512904,
FDM28,OUT027,5041.821497,
FDI36,OUT049,3011.525299,
FDS07,OUT045,1892.066145,
FDD36,OUT045,1892.066145,
FDW11,OUT046,1068.506766,
FDN40,OUT049,2432.662581,
NCQ18,OUT049,1559.973641,
NCQ54,OUT017,2633.839844,
NCS42,OUT045,1349.512904,
DRH39,OUT010,207.1305035,
FDC09,OUT027,2846.400823,
FDT08,OUT010,471.3068467,
FDC08,OUT035,3805.948604,
FDT20,OUT017,646.0888158,
FDS35,OUT035,1068.506766,
FDX58,OUT018,3190.643468,
FDW58,OUT046,1673.983987,
DRD27,OUT046,1559.973641,
FDH32,OUT019,207.1305035,
FDS26,OUT035,4125.174475,
FDQ31,OUT046,1349.512904,
FDP11,OUT018,3549.850948,
FDD58,OUT017,1559.973641,
FDM33,OUT045,3549.850948,
FDZ16,OUT049,3011.525299,
NCS29,OUT010,471.3068467,
NCM18,OUT019,207.1305035,
FDP11,OUT049,3549.850948,
NCC42,OUT017,2117.45138,
DRM23,OUT046,2843.569789,
NCN55,OUT027,5041.821497,
FDK46,OUT013,4125.174475,
FDR01,OUT046,3011.525299,
NCA05,OUT045,2432.662581,
NCP43,OUT017,2843.569789,
FDR12,OUT010,471.3068467,
FDQ01,OUT013,4125.174475,
FDM13,OUT046,2006.470742,
FDQ19,OUT017,3805.948604,
FDK56,OUT019,471.3068467,
NCX06,OUT010,471.3068467,
FDO56,OUT027,2846.400823,
FDU45,OUT045,1892.066145,
FDI16,OUT019,207.1305035,
FDL32,OUT046,1892.066145,
FDA07,OUT046,2006.470742,
FDA14,OUT045,2432.662581,
FDV46,OUT027,2846.400823,
NCO07,OUT035,3805.948604,
NCP41,OUT046,1673.983987,
FDY60,OUT018,2006.470742,
FDN38,OUT017,4125.174475,
FDO15,OUT046,1068.506766,
FDT60,OUT013,2006.470742,
FDA55,OUT035,3805.948604,
FDE02,OUT010,207.1305035,
DRJ39,OUT049,3805.948604,
FDV34,OUT035,1068.506766,
FDS20,OUT027,5041.821497,
FDF02,OUT027,2846.400823,
FDW40,OUT017,2117.45138,
NCB43,OUT046,3190.643468,
FDR58,OUT017,1349.512904,
DRJ59,OUT035,646.0888158,
NCD30,OUT017,1559.973641,
FDE14,OUT017,1559.973641,
FDC28,OUT018,1673.983987,
FDU16,OUT018,1349.512904,
NCD19,OUT035,1068.506766,
FDU21,OUT046,646.0888158,
FDV59,OUT027,5041.821497,
FDU03,OUT045,3190.643468,
FDC33,OUT010,471.3068467,
NCR42,OUT035,646.0888158,
DRH59,OUT035,1068.506766,
NCM31,OUT035,2006.470742,
FDS50,OUT035,3805.948604,
FDP39,OUT046,1068.506766,
FDQ55,OUT013,1892.066145,
FDV36,OUT019,207.1305035,
FDI05,OUT027,2846.400823,
FDS45,OUT027,2846.400823,
FDA39,OUT045,646.0888158,
FDC37,OUT010,207.1305035,
FDJ60,OUT027,5041.821497,
DRQ35,OUT046,2006.470742,
NCJ06,OUT046,1892.066145,
NCY42,OUT018,2432.662581,
DRM37,OUT049,3011.525299,
FDR14,OUT045,790.3307954,
FDE51,OUT049,790.3307954,
FDT33,OUT017,2633.839844,
FDR08,OUT013,1892.066145,
FDE36,OUT010,471.3068467,
FDL22,OUT019,207.1305035,
FDR44,OUT013,2006.470742,
FDI56,OUT019,207.1305035,
FDE47,OUT010,207.1305035,
FDV27,OUT010,207.1305035,
FDV10,OUT049,646.0888158,
FDC40,OUT045,1349.512904,
NCX41,OUT013,3805.948604,
NCQ38,OUT027,2846.400823,
FDV12,OUT027,2846.400823,
FDE52,OUT017,1349.512904,
FDG20,OUT027,5041.821497,
FDV16,OUT027,646.0888158,
FDI32,OUT017,1892.066145,
FDJ32,OUT049,1068.506766,
FDN39,OUT018,2633.839844,
FDY34,OUT017,2633.839844,
FDC14,OUT035,646.0888158,
FDA55,OUT017,3805.948604,
FDZ50,OUT010,471.3068467,
DRG13,OUT049,2633.839844,
FDP01,OUT013,2432.662581,
NCG54,OUT017,2843.569789,
FDM13,OUT045,2006.470742,
NCO18,OUT027,5041.821497,
NCW41,OUT013,2432.662581,
FDM52,OUT027,5041.821497,
NCF55,OUT035,646.0888158,
FDT09,OUT046,2117.45138,
NCM19,OUT035,1673.983987,
FDW12,OUT018,2432.662581,
FDP15,OUT019,471.3068467,
FDK36,OUT045,790.3307954,
FDZ25,OUT035,2843.569789,
NCW06,OUT049,3011.525299,
FDW60,OUT046,2843.569789,
DRC49,OUT013,2432.662581,
NCT17,OUT035,3190.643468,
NCN06,OUT018,2633.839844,
FDC45,OUT013,2843.569789,
DRJ47,OUT019,471.3068467,
NCF06,OUT045,4125.174475,
FDE21,OUT010,207.1305035,
DRG27,OUT013,646.0888158,
FDW40,OUT049,2117.45138,
NCO53,OUT046,3190.643468,
FDE23,OUT049,790.3307954,
FDQ16,OUT046,1673.983987,
FDS26,OUT045,4125.174475,
FDZ13,OUT010,207.1305035,
FDS14,OUT049,2432.662581,
FDC10,OUT045,1892.066145,
FDY16,OUT049,3190.643468,
FDJ20,OUT035,2117.45138,
FDV43,OUT035,646.0888158,
FDZ32,OUT027,2846.400823,
FDR23,OUT046,2843.569789,
FDN24,OUT035,1068.506766,
FDE34,OUT027,5041.821497,
FDU31,OUT013,3805.948604,
FDW33,OUT018,1673.983987,
FDU26,OUT046,1892.066145,
FDE20,OUT027,5041.821497,
NCW05,OUT035,1673.983987,
FDB22,OUT018,2432.662581,
FDO56,OUT046,1892.066145,
FDA19,OUT027,2846.400823,
DRI39,OUT045,1068.506766,
FDH52,OUT018,1068.506766,
FDZ50,OUT035,3190.643468,
NCN42,OUT035,2432.662581,
FDB53,OUT013,2432.662581,
DRG11,OUT017,1673.983987,
DRK11,OUT027,5041.821497,
FDQ60,OUT017,2006.470742,
FDT36,OUT017,646.0888158,
DRG25,OUT018,3190.643468,
DRJ23,OUT046,3011.525299,
FDG05,OUT035,2633.839844,
NCK06,OUT018,2006.470742,
FDU52,OUT017,2432.662581,
FDW07,OUT018,1349.512904,
NCM17,OUT045,790.3307954,
FDA22,OUT045,2633.839844,
NCA41,OUT018,3011.525299,
FDF38,OUT035,646.0888158,
FDH52,OUT046,1068.506766,
FDY58,OUT019,471.3068467,
FDZ16,OUT045,3011.525299,
NCM18,OUT017,1068.506766,
FDA22,OUT018,2633.839844,
NCJ43,OUT035,2843.569789,
FDI34,OUT027,5041.821497,
FDG56,OUT046,1068.506766,
FDS34,OUT046,1892.066145,
DRC01,OUT035,790.3307954,
FDQ04,OUT035,646.0888158,
FDK04,OUT035,1068.506766,
FDT51,OUT049,1673.983987,
FDV26,OUT017,3011.525299,
FDS04,OUT049,2006.470742,
FDW43,OUT018,3805.948604,
FDQ28,OUT010,471.3068467,
NCK06,OUT017,2006.470742,
FDS23,OUT018,2006.470742,
FDZ36,OUT019,471.3068467,
FDE56,OUT018,1068.506766,
FDW10,OUT027,5041.821497,
NCN14,OUT045,3190.643468,
NCQ18,OUT045,1559.973641,
FDW08,OUT017,1673.983987,
FDU43,OUT035,3805.948604,
FDR33,OUT010,207.1305035,
FDM24,OUT010,471.3068467,
NCZ05,OUT046,1673.983987,
NCV41,OUT035,1892.066145,
FDV11,OUT018,2843.569789,
NCY05,OUT035,646.0888158,
FDV44,OUT018,3190.643468,
FDW32,OUT049,1349.512904,
NCU18,OUT027,2846.400823,
NCC43,OUT035,4125.174475,
FDW19,OUT013,1673.983987,
FDN31,OUT035,3011.525299,
FDI48,OUT045,790.3307954,
FDS24,OUT017,1349.512904,
FDF46,OUT049,1892.066145,
DRG23,OUT017,2432.662581,
FDG14,OUT018,2432.662581,
NCY30,OUT049,2843.569789,
FDO28,OUT018,2006.470742,
DRD24,OUT035,2117.45138,
FDI33,OUT049,1349.512904,
FDN32,OUT046,3190.643468,
FDR16,OUT045,3549.850948,
FDF26,OUT046,2432.662581,
NCN29,OUT018,790.3307954,
FDE20,OUT045,2633.839844,
FDA46,OUT046,3011.525299,
FDU28,OUT045,3190.643468,
FDQ48,OUT045,1559.973641,
FDV36,OUT013,2117.45138,
FDR14,OUT018,1068.506766,
FDP23,OUT017,3805.948604,
FDP56,OUT013,790.3307954,
FDK48,OUT010,207.1305035,
FDR48,OUT046,2432.662581,
NCY29,OUT049,1068.506766,
FDM22,OUT018,1068.506766,
DRJ01,OUT013,2633.839844,
FDZ43,OUT045,3805.948604,
FDV03,OUT035,2432.662581,
FDX11,OUT027,5041.821497,
NCA41,OUT027,5041.821497,
FDE38,OUT017,2633.839844,
FDI27,OUT018,790.3307954,
FDN32,OUT013,3190.643468,
NCN43,OUT017,2006.470742,
FDB47,OUT027,5041.821497,
FDV03,OUT017,2432.662581,
NCN30,OUT045,1559.973641,
NCV54,OUT010,207.1305035,
FDV07,OUT013,1673.983987,
FDP07,OUT049,3011.525299,
FDK48,OUT018,1068.506766,
FDM15,OUT019,471.3068467,
FDY19,OUT027,2846.400823,
FDK46,OUT046,4125.174475,
FDY11,OUT045,1068.506766,
FDH09,OUT046,790.3307954,
FDO08,OUT027,5041.821497,
FDU14,OUT013,4125.174475,
FDD22,OUT027,2846.400823,
FDM27,OUT017,2633.839844,
FDL02,OUT027,2846.400823,
NCA17,OUT035,2432.662581,
FDE38,OUT019,471.3068467,
NCG07,OUT049,3190.643468,
DRC27,OUT013,3805.948604,
FDA27,OUT035,4125.174475,
FDW40,OUT045,2117.45138,
DRI11,OUT013,1892.066145,
FDN50,OUT046,1559.973641,
FDR12,OUT046,2843.569789,
FDT34,OUT027,2846.400823,
FDW11,OUT035,1068.506766,
NCO30,OUT027,5041.821497,
FDZ34,OUT017,3011.525299,
FDU45,OUT017,1892.066145,
NCD42,OUT035,646.0888158,
FDX25,OUT045,3190.643468,
NCR29,OUT046,1068.506766,
FDX43,OUT019,471.3068467,
FDB04,OUT010,207.1305035,
FDR49,OUT027,790.3307954,
FDS39,OUT018,2006.470742,
FDW58,OUT045,1673.983987,
FDG22,OUT019,207.1305035,
FDG31,OUT017,1068.506766,
NCV53,OUT027,5041.821497,
DRJ37,OUT035,2432.662581,
FDV07,OUT035,1673.983987,
FDW52,OUT018,2633.839844,
FDT15,OUT045,3190.643468,
FDD02,OUT018,1892.066145,
FDM16,OUT035,1068.506766,
NCE55,OUT046,2843.569789,
FDB57,OUT018,3805.948604,
FDQ04,OUT013,646.0888158,
FDQ47,OUT019,207.1305035,
FDY14,OUT019,471.3068467,
DRK37,OUT017,3190.643468,
FDO25,OUT017,3549.850948,
FDL57,OUT046,4125.174475,
NCK29,OUT018,2006.470742,
FDK46,OUT027,5041.821497,
NCB43,OUT010,471.3068467,
DRE01,OUT027,5041.821497,
FDC46,OUT018,3190.643468,
FDQ23,OUT045,1673.983987,
FDX38,OUT049,790.3307954,
FDG60,OUT018,3805.948604,
FDW55,OUT017,3805.948604,
FDP39,OUT013,790.3307954,
FDB20,OUT018,1349.512904,
FDV21,OUT017,2006.470742,
FDZ02,OUT013,1559.973641,
FDP19,OUT027,2846.400823,
FDA38,OUT035,3805.948604,
FDH22,OUT045,2006.470742,
DRM11,OUT045,4125.174475,
FDO12,OUT027,5041.821497,
FDT14,OUT049,2006.470742,
FDW34,OUT010,471.3068467,
FDG04,OUT027,5041.821497,
FDW59,OUT018,1349.512904,
FDR33,OUT018,1673.983987,
FDP32,OUT013,2006.470742,
FDL13,OUT027,5041.821497,
FDD22,OUT013,1892.066145,
FDV40,OUT027,1068.506766,
NCD55,OUT046,646.0888158,
FDQ20,OUT010,207.1305035,
FDD28,OUT045,1068.506766,
FDC39,OUT045,3549.850948,
NCR17,OUT049,1892.066145,
DRO35,OUT018,1892.066145,
FDF40,OUT049,4125.174475,
FDR31,OUT018,2432.662581,
NCQ41,OUT017,3011.525299,
FDP38,OUT046,790.3307954,
NCU54,OUT027,5041.821497,
FDG22,OUT018,646.0888158,
DRK59,OUT013,3549.850948,
FDC37,OUT046,1673.983987,
NCO42,OUT013,2432.662581,
NCT42,OUT017,2432.662581,
FDX27,OUT035,1349.512904,
FDV40,OUT018,1068.506766,
FDT45,OUT027,1068.506766,
FDS47,OUT019,207.1305035,
FDR45,OUT035,3805.948604,
FDB03,OUT045,3549.850948,
FDO49,OUT035,1068.506766,
FDU60,OUT027,5041.821497,
FDB26,OUT018,790.3307954,
FDB46,OUT017,3549.850948,
FDQ37,OUT019,471.3068467,
FDN03,OUT017,4125.174475,
NCX30,OUT045,4125.174475,
FDK32,OUT019,471.3068467,
DRM47,OUT013,3011.525299,
NCO02,OUT046,1068.506766,
FDP04,OUT013,1068.506766,
NCO43,OUT049,1559.973641,
FDD59,OUT013,1349.512904,
FDQ10,OUT017,2843.569789,
FDW45,OUT035,2432.662581,
NCK30,OUT049,4125.174475,
FDU31,OUT018,3805.948604,
NCQ17,OUT019,471.3068467,
FDN01,OUT017,2843.569789,
FDZ19,OUT049,2843.569789,
DRG37,OUT017,2432.662581,
FDE32,OUT045,646.0888158,
FDO34,OUT049,2633.839844,
FDM04,OUT019,207.1305035,
FDZ25,OUT049,2843.569789,
FDU08,OUT049,1559.973641,
NCW30,OUT045,4125.174475,
NCM18,OUT013,1068.506766,
FDS22,OUT035,646.0888158,
NCH18,OUT017,3805.948604,
FDC23,OUT013,2843.569789,
FDY46,OUT013,3190.643468,
NCU06,OUT046,3549.850948,
FDX57,OUT045,1559.973641,
FDX36,OUT027,5041.821497,
FDL16,OUT045,790.3307954,
FDT16,OUT010,471.3068467,
FDN16,OUT018,1673.983987,
FDC03,OUT046,3011.525299,
DRF60,OUT013,3805.948604,
FDS27,OUT027,5041.821497,
FDP33,OUT010,471.3068467,
FDJ36,OUT018,1559.973641,
NCR42,OUT013,646.0888158,
FDV14,OUT017,1349.512904,
NCP42,OUT035,3011.525299,
FDB50,OUT027,2846.400823,
NCC30,OUT027,5041.821497,
FDA23,OUT018,1559.973641,
FDW16,OUT017,1349.512904,
FDQ52,OUT010,471.3068467,
FDB58,OUT049,2006.470742,
NCP29,OUT049,1068.506766,
NCM05,OUT045,4125.174475,
FDO25,OUT013,3549.850948,
NCM54,OUT046,2117.45138,
NCL54,OUT046,2843.569789,
FDL39,OUT010,471.3068467,
FDF53,OUT018,2843.569789,
NCQ42,OUT035,2117.45138,
FDF58,OUT013,1068.506766,
FDZ04,OUT035,1068.506766,
FDE26,OUT019,207.1305035,
FDS60,OUT017,2843.569789,
FDV58,OUT017,3011.525299,
FDM04,OUT045,790.3307954,
FDE08,OUT035,2432.662581,
NCB43,OUT049,3190.643468,
FDU11,OUT010,207.1305035,
FDF22,OUT019,471.3068467,
FDE24,OUT013,2117.45138,
DRJ49,OUT046,2006.470742,
NCQ53,OUT035,3805.948604,
NCL41,OUT013,646.0888158,
FDR22,OUT013,1673.983987,
FDH04,OUT035,1349.512904,
DRH15,OUT045,646.0888158,
FDY40,OUT049,790.3307954,
NCI17,OUT035,1559.973641,
NCC18,OUT013,2843.569789,
FDY28,OUT027,5041.821497,
FDB45,OUT027,2846.400823,
NCL30,OUT018,2117.45138,
FDM10,OUT017,3549.850948,
FDH22,OUT027,2846.400823,
NCZ53,OUT017,3190.643468,
NCI18,OUT013,3805.948604,
FDH14,OUT027,2846.400823,
FDR36,OUT027,646.0888158,
FDW01,OUT045,2432.662581,
FDK02,OUT027,2846.400823,
FDJ02,OUT018,2432.662581,
FDU55,OUT013,4125.174475,
NCV18,OUT027,2846.400823,
FDH14,OUT018,2117.45138,
FDZ37,OUT045,1349.512904,
FDX49,OUT049,3549.850948,
NCD43,OUT046,1673.983987,
FDZ07,OUT013,1068.506766,
FDK43,OUT035,2006.470742,
FDR32,OUT018,3549.850948,
FDT39,OUT013,2432.662581,
NCV54,OUT017,2006.470742,
FDF38,OUT018,646.0888158,
FDV60,OUT046,3011.525299,
FDH44,OUT027,5041.821497,
FDS21,OUT046,1068.506766,
NCL41,OUT045,646.0888158,
FDM46,OUT017,1349.512904,
FDU27,OUT045,790.3307954,
NCJ54,OUT017,3805.948604,
DRG51,OUT018,2633.839844,
NCA29,OUT019,471.3068467,
FDR47,OUT045,3011.525299,
NCL19,OUT027,2846.400823,
DRG01,OUT049,1068.506766,
FDG10,OUT046,1068.506766,
NCV05,OUT049,2432.662581,
NCH18,OUT019,471.3068467,
FDV14,OUT018,1349.512904,
DRJ23,OUT035,3190.643468,
DRJ11,OUT046,3190.643468,
FDZ03,OUT017,3190.643468,
FDI27,OUT010,207.1305035,
FDJ14,OUT018,1349.512904,
FDU32,OUT017,2006.470742,
FDD47,OUT027,5041.821497,
DRF36,OUT035,3011.525299,
FDM21,OUT046,4125.174475,
FDV10,OUT018,646.0888158,
FDH60,OUT018,3011.525299,
FDX47,OUT010,471.3068467,
FDT19,OUT019,471.3068467,
FDO11,OUT045,4125.174475,
FDH24,OUT027,5041.821497,
FDL02,OUT018,1673.983987,
FDB02,OUT049,2843.569789,
FDA43,OUT046,3011.525299,
FDG52,OUT045,790.3307954,
DRC12,OUT013,3190.643468,
FDY37,OUT018,2117.45138,
NCU18,OUT045,2117.45138,
FDU09,OUT035,1068.506766,
DRJ25,OUT027,790.3307954,
DRE12,OUT018,1892.066145,
DRL47,OUT017,2117.45138,
DRK01,OUT046,1559.973641,
FDC22,OUT019,471.3068467,
FDG44,OUT013,1068.506766,
FDW04,OUT035,2006.470742,
FDK09,OUT049,3549.850948,
NCN43,OUT035,2006.470742,
FDG04,OUT049,3190.643468,
FDH32,OUT010,207.1305035,
DRI47,OUT017,2432.662581,
DRE15,OUT013,1068.506766,
FDY11,OUT035,1068.506766,
FDO60,OUT049,790.3307954,
FDQ20,OUT018,646.0888158,
FDO57,OUT027,5041.821497,
FDT14,OUT019,207.1305035,
FDA57,OUT049,646.0888158,
DRN35,OUT017,646.0888158,
FDJ03,OUT046,790.3307954,
FDX28,OUT017,1559.973641,
DRE25,OUT045,1349.512904,
FDR09,OUT046,4125.174475,
FDB23,OUT035,3805.948604,
FDO08,OUT045,2633.839844,
FDQ23,OUT049,1559.973641,
FDW04,OUT013,2006.470742,
DRK13,OUT010,471.3068467,
NCL17,OUT027,2846.400823,
FDY21,OUT035,3011.525299,
FDJ38,OUT027,5041.821497,
FDA37,OUT019,207.1305035,
FDV43,OUT013,790.3307954,
FDL36,OUT046,1349.512904,
FDD53,OUT045,646.0888158,
FDZ19,OUT010,471.3068467,
FDV21,OUT045,2006.470742,
NCL54,OUT018,2843.569789,
DRI47,OUT027,5041.821497,
DRG03,OUT049,2432.662581,
FDG21,OUT013,2432.662581,
FDW03,OUT018,1673.983987,
NCI55,OUT046,2117.45138,
DRC36,OUT019,471.3068467,
FDH22,OUT017,2006.470742,
FDV20,OUT045,2117.45138,
NCU41,OUT027,5041.821497,
FDN46,OUT027,2846.400823,
FDK50,OUT045,2633.839844,
NCA05,OUT027,5041.821497,
DRH01,OUT018,2843.569789,
FDT08,OUT018,2432.662581,
FDM08,OUT018,3805.948604,
FDZ07,OUT035,1068.506766,
FDS22,OUT017,790.3307954,
FDV35,OUT027,5041.821497,
FDI28,OUT010,207.1305035,
FDW58,OUT027,2846.400823,
FDT52,OUT045,3805.948604,
FDY34,OUT046,2633.839844,
FDR10,OUT046,2633.839844,
FDK57,OUT017,2006.470742,
FDR02,OUT027,2846.400823,
FDX49,OUT046,3549.850948,
FDQ20,OUT046,646.0888158,
DRK23,OUT045,4125.174475,
NCW06,OUT046,3011.525299,
FDR31,OUT017,2432.662581,
NCE43,OUT013,2633.839844,
DRO59,OUT027,2846.400823,
FDN09,OUT049,3805.948604,
FDR11,OUT046,2633.839844,
FDO57,OUT013,2633.839844,
NCX18,OUT017,3011.525299,
FDB05,OUT018,4125.174475,
FDQ08,OUT018,1068.506766,
NCG43,OUT035,1349.512904,
FDJ56,OUT013,1559.973641,
FDA13,OUT010,207.1305035,
FDO56,OUT017,1892.066145,
FDB37,OUT018,3805.948604,
FDZ02,OUT018,1559.973641,
FDQ24,OUT046,4125.174475,
FDM16,OUT013,1068.506766,
FDU35,OUT049,1559.973641,
FDT35,OUT035,2633.839844,
NCX30,OUT049,3805.948604,
FDG04,OUT017,3190.643468,
FDI12,OUT035,1349.512904,
FDE35,OUT035,1068.506766,
NCP14,OUT027,2846.400823,
NCY53,OUT045,1673.983987,
FDP49,OUT017,1068.506766,
FDQ04,OUT017,646.0888158,
FDM39,OUT035,2843.569789,
FDO58,OUT019,471.3068467,
FDC56,OUT017,1892.066145,
NCQ54,OUT046,2633.839844,
FDV10,OUT027,646.0888158,
NCK17,OUT046,646.0888158,
NCF55,OUT027,646.0888158,
FDV33,OUT013,4125.174475,
NCH29,OUT019,207.1305035,
FDA37,OUT027,2846.400823,
FDH46,OUT018,1559.973641,
FDS25,OUT035,1673.983987,
FDH04,OUT027,2846.400823,
FDX52,OUT046,3011.525299,
NCD42,OUT017,646.0888158,
FDW47,OUT017,2117.45138,
FDL25,OUT027,2846.400823,
NCJ06,OUT010,207.1305035,
FDY09,OUT013,2843.569789,
FDS40,OUT046,646.0888158,
FDH41,OUT017,3549.850948,
FDG38,OUT035,1349.512904,
FDU03,OUT027,5041.821497,
FDV20,OUT046,2117.45138,
DRB13,OUT045,3011.525299,
NCQ30,OUT013,2006.470742,
NCH06,OUT013,3549.850948,
FDU50,OUT018,1892.066145,
NCO42,OUT019,471.3068467,
FDW09,OUT018,1349.512904,
FDH04,OUT013,1349.512904,
FDC21,OUT045,1673.983987,
FDL21,OUT049,646.0888158,
FDM46,OUT010,207.1305035,
FDT22,OUT019,207.1305035,
FDB28,OUT035,3011.525299,
FDI12,OUT018,1349.512904,
FDA28,OUT045,2117.45138,
FDF59,OUT013,2006.470742,
FDM45,OUT027,2846.400823,
FDQ56,OUT017,1349.512904,
FDR46,OUT049,2432.662581,
FDT01,OUT013,3549.850948,
FDD16,OUT027,1068.506766,
NCU30,OUT010,471.3068467,
FDM40,OUT010,471.3068467,
FDI56,OUT035,1349.512904,
NCS30,OUT013,2006.470742,
FDU08,OUT017,1559.973641,
FDX51,OUT027,5041.821497,
FDA43,OUT045,3011.525299,
FDX59,OUT010,207.1305035,
FDC37,OUT018,1673.983987,
FDP58,OUT013,3549.850948,
NCY42,OUT035,2006.470742,
FDF21,OUT018,3190.643468,
FDU10,OUT027,646.0888158,
DRL47,OUT018,2117.45138,
FDA58,OUT018,3805.948604,
FDJ22,OUT049,3011.525299,
FDK50,OUT046,2633.839844,
FDO38,OUT035,1349.512904,
DRF60,OUT035,3805.948604,
NCZ42,OUT019,471.3068467,
FDD35,OUT049,1892.066145,
FDL25,OUT045,1349.512904,
FDJ16,OUT013,1068.506766,
DRK59,OUT049,3549.850948,
FDI50,OUT046,3805.948604,
NCB19,OUT045,1349.512904,
DRI37,OUT035,1068.506766,
FDA14,OUT027,5041.821497,
FDC08,OUT018,3549.850948,
FDS45,OUT046,1673.983987,
FDI21,OUT049,1068.506766,
DRJ47,OUT035,2843.569789,
DRE37,OUT027,5041.821497,
FDT55,OUT018,2633.839844,
NCG42,OUT027,2846.400823,
FDA31,OUT049,2843.569789,
NCW42,OUT046,3805.948604,
FDF50,OUT017,3011.525299,
FDK56,OUT049,3190.643468,
FDX10,OUT035,646.0888158,
NCK07,OUT027,5041.821497,
FDZ49,OUT017,3549.850948,
FDR33,OUT013,1673.983987,
FDO44,OUT018,1673.983987,
FDA20,OUT046,3190.643468,
NCL30,OUT045,2117.45138,
FDI05,OUT019,207.1305035,
FDQ12,OUT018,3805.948604,
FDH47,OUT017,1559.973641,
FDH34,OUT018,3190.643468,
FDF29,OUT046,2117.45138,
FDG40,OUT018,646.0888158,
NCE18,OUT017,4125.174475,
FDP21,OUT010,471.3068467,
FDY50,OUT013,1349.512904,
FDB36,OUT049,2006.470742,
NCZ29,OUT049,2117.45138,
FDU20,OUT018,1892.066145,
FDO56,OUT013,1892.066145,
FDW31,OUT049,3011.525299,
DRH59,OUT013,1068.506766,
NCB30,OUT017,3011.525299,
FDK43,OUT027,2846.400823,
FDW43,OUT045,3805.948604,
NCL19,OUT017,2117.45138,
FDJ27,OUT046,1559.973641,
FDC45,OUT046,2633.839844,
FDY40,OUT035,790.3307954,
NCM41,OUT035,1349.512904,
NCK18,OUT019,471.3068467,
FDP37,OUT049,2117.45138,
FDA27,OUT027,5041.821497,
NCX30,OUT035,3805.948604,
FDR09,OUT017,4125.174475,
FDG08,OUT027,5041.821497,
NCU30,OUT013,2633.839844,
FDB16,OUT017,1349.512904,
FDM16,OUT017,1068.506766,
FDC48,OUT013,1349.512904,
NCF18,OUT046,3190.643468,
FDU46,OUT018,1349.512904,
FDH41,OUT018,3549.850948,
NCN42,OUT010,471.3068467,
FDU49,OUT046,1349.512904,
FDB20,OUT027,2846.400823,
FDG50,OUT019,207.1305035,
FDW20,OUT045,2117.45138,
NCO55,OUT049,1673.983987,
FDX48,OUT046,2432.662581,
FDU48,OUT046,2117.45138,
FDR48,OUT019,471.3068467,
FDK27,OUT013,2006.470742,
FDT35,OUT013,2633.839844,
FDN12,OUT049,1673.983987,
NCE31,OUT019,207.1305035,
FDL21,OUT017,646.0888158,
FDV56,OUT017,1673.983987,
FDR16,OUT017,3549.850948,
NCP41,OUT049,1673.983987,
FDJ27,OUT013,1559.973641,
FDA07,OUT017,2006.470742,
FDK55,OUT049,1349.512904,
FDM33,OUT049,3549.850948,
FDY46,OUT046,3190.643468,
FDD36,OUT046,1892.066145,
FDB12,OUT027,2846.400823,
FDF28,OUT019,207.1305035,
NCE07,OUT019,207.1305035,
FDW50,OUT027,5041.821497,
NCW18,OUT017,3805.948604,
NCJ17,OUT019,207.1305035,
DRZ24,OUT010,207.1305035,
FDS07,OUT035,1892.066145,
NCW05,OUT010,207.1305035,
FDZ22,OUT018,1349.512904,
FDK02,OUT046,1892.066145,
FDZ45,OUT027,5041.821497,
FDL25,OUT046,1349.512904,
FDS08,OUT045,2843.569789,
NCZ42,OUT027,5041.821497,
FDX57,OUT035,1559.973641,
FDF21,OUT046,3190.643468,
FDJ56,OUT018,1559.973641,
FDX10,OUT013,646.0888158,
DRG48,OUT035,2432.662581,
DRN37,OUT046,2633.839844,
NCY41,OUT018,646.0888158,
FDN28,OUT045,1673.983987,
FDE34,OUT045,3190.643468,
FDR10,OUT045,2633.839844,
FDC32,OUT017,1349.512904,
DRG13,OUT046,2633.839844,
FDP59,OUT049,1673.983987,
NCT53,OUT010,471.3068467,
FDL57,OUT027,5041.821497,
FDN32,OUT010,471.3068467,
FDK09,OUT018,3549.850948,
FDA52,OUT010,471.3068467,
FDC57,OUT049,3011.525299,
FDI09,OUT035,3549.850948,
NCB07,OUT046,3011.525299,
FDP26,OUT035,1673.983987,
FDP40,OUT027,2846.400823,
FDL15,OUT013,2432.662581,
FDV07,OUT046,1673.983987,
FDS03,OUT017,1068.506766,
FDE50,OUT049,3190.643468,
FDQ15,OUT017,1349.512904,
FDQ33,OUT010,471.3068467,
FDT22,OUT013,1068.506766,
DRO35,OUT035,1892.066145,
FDJ41,OUT049,4125.174475,
FDQ27,OUT035,1673.983987,
FDC26,OUT017,1892.066145,
NCF43,OUT027,2846.400823,
NCR50,OUT035,2432.662581,
FDE39,OUT018,1892.066145,
FDN49,OUT027,646.0888158,
DRG11,OUT035,1673.983987,
NCA18,OUT049,1892.066145,
FDM36,OUT018,2843.569789,
FDW32,OUT017,1349.512904,
NCQ18,OUT010,207.1305035,
FDX14,OUT027,1068.506766,
FDD46,OUT017,2432.662581,
FDI34,OUT019,471.3068467,
NCJ17,OUT035,1349.512904,
FDB52,OUT035,4125.174475,
FDV55,OUT018,2432.662581,
FDC57,OUT046,3011.525299,
FDB29,OUT046,1892.066145,
NCO43,OUT035,1559.973641,
FDG44,OUT045,1068.506766,
FDJ34,OUT045,2006.470742,
FDH40,OUT049,1349.512904,
NCD07,OUT027,2846.400823,
FDB41,OUT017,790.3307954,
FDH47,OUT018,1559.973641,
DRK37,OUT035,3190.643468,
FDM25,OUT019,471.3068467,
NCX06,OUT045,3190.643468,
NCS05,OUT017,2006.470742,
FDS39,OUT045,2006.470742,
FDC47,OUT027,5041.821497,
FDG20,OUT013,2843.569789,
DRL23,OUT017,1673.983987,
FDY33,OUT013,2633.839844,
NCH18,OUT045,3805.948604,
FDX47,OUT035,2432.662581,
NCB06,OUT045,2633.839844,
FDP36,OUT049,790.3307954,
FDW44,OUT018,2843.569789,
NCU41,OUT018,3011.525299,
NCS17,OUT046,1559.973641,
FDD46,OUT035,2432.662581,
FDE45,OUT017,2843.569789,
FDI09,OUT017,3549.850948,
NCJ54,OUT010,471.3068467,
NCA29,OUT018,2843.569789,
NCN41,OUT027,2846.400823,
FDY34,OUT035,2633.839844,
NCG55,OUT035,1892.066145,
DRM49,OUT046,790.3307954,
NCB42,OUT049,1892.066145,
FDE58,OUT045,1892.066145,
DRJ25,OUT013,790.3307954,
FDS47,OUT010,207.1305035,
FDY21,OUT049,3011.525299,
NCI54,OUT013,1673.983987,
FDO24,OUT017,2633.839844,
FDY43,OUT035,2633.839844,
FDF35,OUT018,1673.983987,
NCP29,OUT019,207.1305035,
FDN28,OUT027,2846.400823,
FDJ50,OUT018,790.3307954,
FDQ14,OUT027,5041.821497,
FDC37,OUT035,1673.983987,
FDN08,OUT046,1892.066145,
FDD04,OUT035,2117.45138,
FDW34,OUT018,3805.948604,
FDP04,OUT017,1068.506766,
NCG07,OUT017,3190.643468,
NCN14,OUT018,3190.643468,
FDJ16,OUT045,1068.506766,
NCM42,OUT045,1673.983987,
NCF19,OUT046,790.3307954,
FDY21,OUT018,3011.525299,
FDY19,OUT035,1892.066145,
FDV09,OUT045,2432.662581,
FDA28,OUT013,2117.45138,
FDC38,OUT018,2117.45138,
FDL28,OUT045,3549.850948,
NCH43,OUT049,3549.850948,
NCN53,OUT045,646.0888158,
NCW05,OUT017,1673.983987,
NCO30,OUT018,3190.643468,
FDT04,OUT019,207.1305035,
FDB27,OUT018,3011.525299,
NCK07,OUT013,2633.839844,
NCA53,OUT013,790.3307954,
FDB33,OUT018,2633.839844,
FDU37,OUT017,1349.512904,
FDR13,OUT035,1892.066145,
FDE45,OUT049,2843.569789,
FDV37,OUT017,3011.525299,
FDX44,OUT019,207.1305035,
NCL06,OUT017,4125.174475,
FDJ28,OUT045,3011.525299,
FDX55,OUT049,3805.948604,
NCK17,OUT018,646.0888158,
FDH52,OUT035,1068.506766,
FDN13,OUT027,2846.400823,
FDK44,OUT018,2843.569789,
FDU16,OUT046,1349.512904,
FDZ07,OUT017,1068.506766,
NCN06,OUT027,5041.821497,
FDH02,OUT010,207.1305035,
NCW18,OUT045,3805.948604,
FDH57,OUT013,2006.470742,
FDV35,OUT045,2432.662581,
NCU29,OUT013,2432.662581,
NCP02,OUT046,1068.506766,
FDN44,OUT013,2633.839844,
FDX03,OUT018,790.3307954,
FDR11,OUT010,471.3068467,
FDA36,OUT046,3190.643468,
FDP58,OUT027,5041.821497,
FDH31,OUT045,1559.973641,
FDH34,OUT035,3190.643468,
FDS13,OUT035,4125.174475,
FDT01,OUT018,3805.948604,
FDY09,OUT049,2843.569789,
FDV33,OUT027,5041.821497,
NCW29,OUT010,207.1305035,
NCN17,OUT045,1559.973641,
FDX01,OUT046,1892.066145,
FDL03,OUT049,3011.525299,
DRL59,OUT049,1068.506766,
DRM11,OUT027,5041.821497,
FDA43,OUT049,3011.525299,
FDZ56,OUT010,471.3068467,
FDI44,OUT018,1349.512904,
FDB50,OUT013,1349.512904,
FDU15,OUT019,207.1305035,
NCJ19,OUT019,207.1305035,
FDD48,OUT013,1892.066145,
NCW42,OUT035,3805.948604,
FDL24,OUT017,2843.569789,
NCB30,OUT013,3011.525299,
FDK25,OUT013,2633.839844,
FDW28,OUT049,3011.525299,
FDD47,OUT017,2843.569789,
FDK16,OUT019,207.1305035,
FDW37,OUT046,1349.512904,
FDA48,OUT035,3549.850948,
FDA14,OUT017,2432.662581,
FDV15,OUT013,1559.973641,
FDN22,OUT049,4125.174475,
NCD55,OUT045,646.0888158,
FDY43,OUT013,2633.839844,
NCU05,OUT017,1349.512904,
FDF10,OUT035,2432.662581,
FDR39,OUT018,3190.643468,
FDG40,OUT013,646.0888158,
FDZ28,OUT019,207.1305035,
FDE02,OUT045,1349.512904,
FDU60,OUT049,2633.839844,
FDM21,OUT013,4125.174475,
FDV52,OUT019,207.1305035,
NCW06,OUT013,3011.525299,
FDX36,OUT035,3549.850948,
FDT35,OUT027,5041.821497,
NCL19,OUT010,207.1305035,
NCD31,OUT046,2633.839844,
FDE53,OUT019,207.1305035,
FDW58,OUT019,207.1305035,
DRF48,OUT046,3190.643468,
FDW57,OUT035,2843.569789,
DRH13,OUT017,1673.983987,
FDT33,OUT013,2633.839844,
DRK47,OUT027,5041.821497,
FDY22,OUT010,207.1305035,
FDC35,OUT019,471.3068467,
FDO03,OUT013,3805.948604,
FDF24,OUT045,1349.512904,
FDF56,OUT018,2843.569789,
FDD28,OUT013,1068.506766,
FDG53,OUT027,2846.400823,
FDO27,OUT019,207.1305035,
NCF54,OUT018,2843.569789,
FDC20,OUT027,1068.506766,
FDU10,OUT046,646.0888158,
DRA24,OUT018,2633.839844,
FDA02,OUT010,471.3068467,
FDG10,OUT017,1068.506766,
FDW39,OUT010,471.3068467,
FDP04,OUT019,207.1305035,
NCM55,OUT013,3190.643468,
FDG47,OUT045,4125.174475,
NCU41,OUT017,3011.525299,
NCK31,OUT017,790.3307954,
FDZ46,OUT045,1673.983987,
FDU13,OUT027,5041.821497,
NCF19,OUT045,790.3307954,
NCJ43,OUT013,2843.569789,
NCJ05,OUT045,2432.662581,
FDS04,OUT027,2846.400823,
FDX28,OUT010,207.1305035,
FDB41,OUT027,790.3307954,
FDG53,OUT046,2006.470742,
FDL15,OUT010,471.3068467,
FDQ08,OUT049,1068.506766,
DRN36,OUT013,1559.973641,
FDI46,OUT013,4125.174475,
FDG16,OUT027,5041.821497,
FDV32,OUT013,1068.506766,
FDF44,OUT010,207.1305035,
FDK04,OUT018,1068.506766,
NCA41,OUT013,3011.525299,
FDD51,OUT017,790.3307954,
NCZ53,OUT045,3190.643468,
FDP01,OUT027,5041.821497,
FDY25,OUT049,3190.643468,
FDB17,OUT018,2843.569789,
NCV54,OUT018,1892.066145,
FDJ32,OUT017,1068.506766,
FDA37,OUT049,2006.470742,
FDG35,OUT035,2843.569789,
NCM05,OUT018,4125.174475,
FDG45,OUT046,3805.948604,
FDH28,OUT013,646.0888158,
NCE18,OUT049,4125.174475,
FDH38,OUT045,1892.066145,
FDR56,OUT013,3011.525299,
FDH17,OUT027,2846.400823,
FDD39,OUT049,3549.850948,
FDB41,OUT049,790.3307954,
NCR53,OUT046,3549.850948,
FDX46,OUT017,1068.506766,
FDV28,OUT049,646.0888158,
FDA08,OUT018,2633.839844,
FDH45,OUT017,646.0888158,
NCS38,OUT010,207.1305035,
FDD40,OUT010,471.3068467,
DRM59,OUT035,2432.662581,
NCJ43,OUT018,2843.569789,
NCN29,OUT013,790.3307954,
NCC19,OUT045,3011.525299,
FDR56,OUT035,3011.525299,
FDZ43,OUT049,3805.948604,
FDJ32,OUT010,207.1305035,
DRH03,OUT017,1349.512904,
NCZ54,OUT035,2633.839844,
FDE26,OUT017,2432.662581,
FDS03,OUT045,1068.506766,
DRZ24,OUT019,207.1305035,
FDO48,OUT027,5041.821497,
FDW39,OUT049,2843.569789,
NCK05,OUT049,1068.506766,
NCK30,OUT017,4125.174475,
FDT27,OUT018,3549.850948,
FDS08,OUT019,471.3068467,
NCJ19,OUT049,1068.506766,
FDC58,OUT045,646.0888158,
DRE37,OUT013,3190.643468,
FDW02,OUT035,2006.470742,
FDJ02,OUT010,471.3068467,
FDX09,OUT045,2843.569789,
FDT31,OUT010,471.3068467,
FDI24,OUT049,2843.569789,
FDY09,OUT045,2843.569789,
FDV28,OUT045,646.0888158,
DRM47,OUT049,3011.525299,
FDT52,OUT019,471.3068467,
FDI48,OUT018,1068.506766,
FDY55,OUT017,4125.174475,
FDU48,OUT013,2117.45138,
FDN25,OUT045,1068.506766,
FDP20,OUT049,2117.45138,
FDJ15,OUT013,3190.643468,
FDD04,OUT018,2117.45138,
FDY58,OUT045,3805.948604,
FDR37,OUT018,3190.643468,
FDF44,OUT013,2006.470742,
FDD32,OUT045,1349.512904,
FDR57,OUT017,2432.662581,
DRG39,OUT027,1068.506766,
FDX15,OUT017,2633.839844,
DRN37,OUT045,2633.839844,
FDW40,OUT027,2846.400823,
FDB32,OUT049,1349.512904,
FDM40,OUT018,2006.470742,
FDE39,OUT027,2846.400823,
DRH49,OUT017,1349.512904,
FDT46,OUT049,790.3307954,
NCF06,OUT035,4125.174475,
FDP07,OUT017,3011.525299,
FDC04,OUT013,3805.948604,
FDZ32,OUT017,1673.983987,
FDD50,OUT045,2633.839844,
FDU56,OUT017,3190.643468,
FDV34,OUT017,1068.506766,
NCY41,OUT013,646.0888158,
NCK18,OUT046,2633.839844,
DRH25,OUT049,1068.506766,
FDT57,OUT046,3805.948604,
FDV56,OUT018,1673.983987,
FDV12,OUT045,1559.973641,
FDN52,OUT017,1349.512904,
FDX38,OUT035,790.3307954,
FDE47,OUT018,2117.45138,
NCO07,OUT013,3805.948604,
FDV09,OUT027,5041.821497,
FDZ23,OUT019,471.3068467,
DRH51,OUT018,1349.512904,
NCY54,OUT045,2843.569789,
DRG49,OUT013,3549.850948,
NCC19,OUT049,3011.525299,
NCV53,OUT045,3805.948604,
FDZ47,OUT019,207.1305035,
NCO26,OUT018,1892.066145,
NCP02,OUT045,1068.506766,
NCW30,OUT018,4125.174475,
NCN55,OUT046,3805.948604,
FDB20,OUT010,207.1305035,
DRL11,OUT013,2633.839844,
DRD60,OUT045,3190.643468,
FDW14,OUT010,207.1305035,
FDL27,OUT010,207.1305035,
FDU09,OUT018,1068.506766,
DRH36,OUT027,1068.506766,
FDP34,OUT027,5041.821497,
FDE04,OUT017,2843.569789,
FDZ57,OUT027,2846.400823,
FDF02,OUT010,207.1305035,
FDG28,OUT045,3805.948604,
NCI31,OUT046,646.0888158,
FDT43,OUT013,790.3307954,
FDU20,OUT046,2117.45138,
FDD53,OUT013,646.0888158,
FDW15,OUT045,2432.662581,
NCT53,OUT045,2633.839844,
NCG55,OUT027,2846.400823,
FDD48,OUT035,1892.066145,
FDG47,OUT049,4125.174475,
FDI21,OUT017,1068.506766,
FDT27,OUT017,3549.850948,
DRO35,OUT013,1892.066145,
FDD33,OUT017,3805.948604,
FDC04,OUT035,3805.948604,
FDY34,OUT013,2633.839844,
DRJ49,OUT049,2006.470742,
FDE05,OUT049,2432.662581,
FDU31,OUT017,3805.948604,
NCN19,OUT027,5041.821497,
FDK56,OUT027,5041.821497,
FDK58,OUT017,1673.983987,
NCJ42,OUT035,1673.983987,
FDZ34,OUT027,5041.821497,
FDA52,OUT018,2843.569789,
NCR29,OUT013,1068.506766,
FDT48,OUT035,3011.525299,
DRJ51,OUT019,471.3068467,
NCS54,OUT046,2843.569789,
FDV01,OUT035,2432.662581,
DRG51,OUT027,5041.821497,
NCG42,OUT013,2117.45138,
FDA51,OUT049,1892.066145,
FDV19,OUT010,471.3068467,
NCT18,OUT045,3190.643468,
NCS41,OUT045,3190.643468,
FDO03,OUT046,3805.948604,
FDL12,OUT010,207.1305035,
FDY37,OUT010,471.3068467,
FDI58,OUT049,1349.512904,
FDT28,OUT018,2432.662581,
NCC42,OUT010,207.1305035,
FDO01,OUT017,2117.45138,
FDJ02,OUT013,2432.662581,
FDQ04,OUT018,646.0888158,
DRL47,OUT013,2117.45138,
FDZ32,OUT035,1673.983987,
FDC35,OUT035,3549.850948,
FDX14,OUT045,1068.506766,
FDZ35,OUT013,1673.983987,
FDL14,OUT013,2432.662581,
FDO04,OUT049,1068.506766,
DRK11,OUT017,2432.662581,
FDB44,OUT018,3805.948604,
FDZ50,OUT049,3190.643468,
FDI12,OUT027,2846.400823,
FDU43,OUT017,3805.948604,
FDD58,OUT010,207.1305035,
FDB27,OUT017,3011.525299,
FDB04,OUT018,1349.512904,
NCO17,OUT013,1892.066145,
FDL12,OUT017,1068.506766,
DRJ13,OUT049,2633.839844,
FDD57,OUT045,1559.973641,
FDW19,OUT035,1673.983987,
DRD27,OUT018,1559.973641,
FDH27,OUT027,5041.821497,
NCW30,OUT027,5041.821497,
FDR40,OUT018,1349.512904,
FDG05,OUT013,2633.839844,
NCY41,OUT019,207.1305035,
FDI38,OUT018,3805.948604,
FDR20,OUT046,646.0888158,
FDE09,OUT017,1673.983987,
FDN50,OUT019,207.1305035,
DRF27,OUT045,2432.662581,
DRF51,OUT013,646.0888158,
NCO02,OUT019,207.1305035,
FDB51,OUT027,1068.506766,
FDJ50,OUT013,1068.506766,
FDN52,OUT013,1349.512904,
FDX14,OUT013,1349.512904,
FDT27,OUT019,471.3068467,
FDV10,OUT013,646.0888158,
FDU33,OUT046,790.3307954,
FDU58,OUT046,3190.643468,
NCP42,OUT027,5041.821497,
FDL51,OUT027,5041.821497,
DRH15,OUT027,790.3307954,
FDU16,OUT017,1349.512904,
FDW15,OUT017,2432.662581,
FDQ44,OUT045,2117.45138,
NCI06,OUT027,5041.821497,
DRK23,OUT019,471.3068467,
FDC28,OUT035,1673.983987,
NCY17,OUT019,207.1305035,
NCV05,OUT018,2432.662581,
FDM34,OUT019,207.1305035,
DRD60,OUT027,5041.821497,
FDT38,OUT046,1349.512904,
FDQ57,OUT018,2432.662581,
FDE59,OUT027,646.0888158,
NCM43,OUT046,2633.839844,
DRI51,OUT049,2843.569789,
NCG30,OUT017,2117.45138,
NCK54,OUT035,1892.066145,
FDQ16,OUT019,207.1305035,
FDI36,OUT013,3011.525299,
FDX16,OUT027,5041.821497,
FDA34,OUT046,2843.569789,
FDJ48,OUT018,3805.948604,
FDU47,OUT035,2006.470742,
FDS39,OUT046,2006.470742,
FDD11,OUT046,4125.174475,
FDM16,OUT027,1068.506766,
FDU56,OUT018,3190.643468,
FDQ32,OUT017,2117.45138,
DRK35,OUT013,646.0888158,
FDA58,OUT049,3549.850948,
DRG48,OUT019,471.3068467,
FDT59,OUT010,471.3068467,
FDQ31,OUT019,207.1305035,
FDS51,OUT018,1068.506766,
FDW32,OUT027,2846.400823,
FDI15,OUT027,5041.821497,
NCV30,OUT017,1068.506766,
DRG25,OUT049,3190.643468,
FDT02,OUT013,646.0888158,
FDO33,OUT027,2846.400823,
FDP38,OUT035,790.3307954,
FDZ45,OUT035,3011.525299,
NCA54,OUT027,5041.821497,
FDU33,OUT017,790.3307954,
FDN58,OUT017,3805.948604,
FDI05,OUT045,1068.506766,
FDM57,OUT019,207.1305035,
NCS42,OUT027,2846.400823,
FDB57,OUT045,3805.948604,
FDC03,OUT045,3011.525299,
FDZ58,OUT013,2117.45138,
NCK29,OUT045,2006.470742,
NCR53,OUT045,3549.850948,
FDE26,OUT027,5041.821497,
FDU52,OUT049,2432.662581,
FDE41,OUT027,2846.400823,
FDU38,OUT018,3190.643468,
FDA52,OUT017,2843.569789,
FDW46,OUT046,1068.506766,
DRI59,OUT035,3805.948604,
FDT38,OUT035,1349.512904,
FDL33,OUT018,3011.525299,
FDQ01,OUT027,5041.821497,
FDJ08,OUT046,3011.525299,
FDQ47,OUT049,646.0888158,
NCZ18,OUT013,4125.174475,
FDE29,OUT017,1068.506766,
FDF10,OUT027,5041.821497,
FDC48,OUT049,1349.512904,
FDY58,OUT013,3805.948604,
NCX30,OUT010,471.3068467,
FDV11,OUT013,2843.569789,
FDT46,OUT046,790.3307954,
DRD01,OUT019,207.1305035,
FDQ11,OUT013,4125.174475,
NCM41,OUT017,1349.512904,
NCC55,OUT013,646.0888158,
FDG45,OUT027,5041.821497,
NCQ54,OUT049,2633.839844,
FDM34,OUT045,2117.45138,
FDD17,OUT019,471.3068467,
FDN38,OUT027,5041.821497,
FDB53,OUT018,2432.662581,
NCL06,OUT035,4125.174475,
NCV18,OUT019,207.1305035,
FDX25,OUT013,3190.643468,
FDB39,OUT046,1068.506766,
FDC33,OUT049,3011.525299,
NCO14,OUT018,790.3307954,
FDA58,OUT027,5041.821497,
NCQ02,OUT017,3190.643468,
NCR53,OUT017,3549.850948,
FDN52,OUT046,1349.512904,
FDG26,OUT046,4125.174475,
FDE23,OUT027,790.3307954,
DRI37,OUT013,1068.506766,
DRH37,OUT018,2633.839844,
FDO01,OUT035,2117.45138,
FDK45,OUT049,1892.066145,
FDP23,OUT049,3805.948604,
FDM33,OUT035,3549.850948,
FDD36,OUT017,1892.066145,
FDL56,OUT017,1349.512904,
FDT27,OUT010,471.3068467,
FDG52,OUT017,790.3307954,
NCL42,OUT035,3805.948604,
DRJ24,OUT046,3190.643468,
FDV38,OUT046,1068.506766,
FDT35,OUT045,2633.839844,
FDY51,OUT045,3549.850948,
FDC37,OUT017,1673.983987,
NCP43,OUT013,3190.643468,
FDO33,OUT045,1673.983987,
FDW04,OUT018,2006.470742,
NCC31,OUT046,2432.662581,
FDK22,OUT049,3805.948604,
FDJ50,OUT017,1068.506766,
FDV13,OUT017,1349.512904,
DRL60,OUT017,2432.662581,
FDW03,OUT017,1673.983987,
FDY27,OUT035,2843.569789,
FDB39,OUT027,1068.506766,
FDU59,OUT045,2633.839844,
FDZ57,OUT049,2006.470742,
FDO21,OUT049,3805.948604,
FDS43,OUT018,3190.643468,
FDU28,OUT010,471.3068467,
FDC51,OUT010,207.1305035,
FDW16,OUT010,207.1305035,
FDP32,OUT010,207.1305035,
FDB60,OUT019,471.3068467,
NCQ30,OUT046,2006.470742,
FDD26,OUT049,3190.643468,
FDI44,OUT045,1349.512904,
DRH23,OUT046,1068.506766,
FDO44,OUT046,1673.983987,
FDG04,OUT046,3190.643468,
FDM32,OUT027,2846.400823,
FDM09,OUT013,2633.839844,
FDZ47,OUT013,1559.973641,
FDM40,OUT027,2846.400823,
FDY48,OUT017,1559.973641,
NCM30,OUT045,646.0888158,
FDX36,OUT010,471.3068467,
DRF03,OUT017,646.0888158,
FDN51,OUT049,4125.174475,
FDM57,OUT049,1349.512904,
FDB35,OUT049,1349.512904,
FDY13,OUT027,2846.400823,
FDA37,OUT017,2006.470742,
NCX53,OUT017,2117.45138,
FDD59,OUT018,1349.512904,
FDX10,OUT019,207.1305035,
FDC03,OUT018,3011.525299,
FDW43,OUT035,3805.948604,
FDW10,OUT046,2843.569789,
FDY14,OUT027,5041.821497,
FDV43,OUT045,790.3307954,
FDO40,OUT013,2432.662581,
FDP46,OUT027,2846.400823,
NCE43,OUT019,471.3068467,
FDD05,OUT035,1892.066145,
FDJ60,OUT010,471.3068467,
DRE27,OUT018,1559.973641,
FDO11,OUT035,4125.174475,
DRG11,OUT027,2846.400823,
FDK33,OUT010,471.3068467,
DRM23,OUT045,2633.839844,
FDJ02,OUT027,5041.821497,
NCZ05,OUT045,1673.983987,
NCL30,OUT013,2117.45138,
FDZ19,OUT018,2843.569789,
FDM45,OUT049,2006.470742,
FDO36,OUT046,2843.569789,
NCK31,OUT045,790.3307954,
DRJ37,OUT045,2432.662581,
FDP24,OUT018,2117.45138,
FDF46,OUT013,1892.066145,
FDX46,OUT019,207.1305035,
NCL18,OUT045,3011.525299,
FDJ26,OUT013,3549.850948,
FDJ07,OUT045,1892.066145,
FDY15,OUT013,2432.662581,
DRG01,OUT045,1068.506766,
FDF58,OUT045,1068.506766,
FDZ14,OUT019,207.1305035,
FDP31,OUT049,1068.506766,
FDH45,OUT013,646.0888158,
FDA09,OUT010,471.3068467,
FDW31,OUT035,3011.525299,
FDA57,OUT046,646.0888158,
NCE55,OUT035,2843.569789,
FDC17,OUT019,471.3068467,
FDC59,OUT013,1068.506766,
FDA22,OUT013,2633.839844,
FDK52,OUT035,3549.850948,
NCM26,OUT046,2432.662581,
NCT53,OUT035,2633.839844,
FDW45,OUT018,2432.662581,
NCI18,OUT035,3805.948604,
FDE38,OUT018,2633.839844,
FDF08,OUT019,207.1305035,
FDY58,OUT010,471.3068467,
FDF58,OUT019,207.1305035,
FDX39,OUT017,3805.948604,
FDB44,OUT049,3805.948604,
FDF28,OUT013,2117.45138,
FDE39,OUT013,1892.066145,
FDT37,OUT018,4125.174475,
FDZ45,OUT017,3011.525299,
FDO40,OUT035,2432.662581,
FDM57,OUT027,2846.400823,
DRG36,OUT017,2843.569789,
FDY36,OUT010,207.1305035,
DRL60,OUT027,5041.821497,
FDS25,OUT019,207.1305035,
DRF49,OUT027,2846.400823,
FDP16,OUT045,3805.948604,
FDS60,OUT049,3190.643468,
FDU15,OUT027,646.0888158,
FDK43,OUT046,2006.470742,
FDN25,OUT046,1068.506766,
FDE53,OUT049,1673.983987,
FDB22,OUT013,2432.662581,
FDE39,OUT017,1892.066145,
FDX35,OUT035,3549.850948,
NCG54,OUT049,2633.839844,
FDH27,OUT035,2432.662581,
NCK42,OUT013,3805.948604,
FDS25,OUT049,1673.983987,
FDI10,OUT018,2843.569789,
FDU35,OUT035,1559.973641,
FDI04,OUT017,3011.525299,
DRK23,OUT035,4125.174475,
FDB53,OUT019,471.3068467,
FDY02,OUT049,4125.174475,
FDM60,OUT035,646.0888158,
NCJ31,OUT010,471.3068467,
DRP35,OUT017,2117.45138,
NCQ30,OUT018,2006.470742,
DRL11,OUT010,471.3068467,
FDU01,OUT013,3190.643468,
FDR39,OUT035,3190.643468,
FDO08,OUT046,2633.839844,
FDC02,OUT045,4125.174475,
NCZ29,OUT035,2117.45138,
FDF29,OUT010,207.1305035,
FDZ23,OUT017,3190.643468,
NCU53,OUT018,2633.839844,
NCW30,OUT013,4125.174475,
NCM26,OUT027,5041.821497,
FDV50,OUT027,2846.400823,
FDW15,OUT049,2432.662581,
FDI35,OUT027,5041.821497,
FDO11,OUT017,4125.174475,
FDN48,OUT046,1349.512904,
NCA17,OUT049,2432.662581,
NCN54,OUT013,1349.512904,
FDP22,OUT013,790.3307954,
NCB54,OUT035,2006.470742,
FDD08,OUT045,646.0888158,
DRM48,OUT010,207.1305035,
FDG41,OUT027,2846.400823,
FDE44,OUT027,790.3307954,
FDE26,OUT035,2432.662581,
NCS38,OUT013,1892.066145,
NCJ54,OUT018,3805.948604,
FDI40,OUT019,207.1305035,
FDN45,OUT018,3549.850948,
FDU43,OUT046,3805.948604,
FDI04,OUT010,471.3068467,
NCC07,OUT018,1673.983987,
NCC07,OUT019,207.1305035,
NCD18,OUT045,3549.850948,
FDU55,OUT035,4125.174475,
FDX59,OUT035,646.0888158,
FDR52,OUT049,3011.525299,
NCP17,OUT013,1068.506766,
FDQ32,OUT045,2117.45138,
NCT17,OUT049,3190.643468,
FDO10,OUT049,1068.506766,
FDE32,OUT049,646.0888158,
FDN44,OUT045,2633.839844,
FDH02,OUT035,1349.512904,
FDK60,OUT013,1559.973641,
FDS24,OUT019,207.1305035,
FDL03,OUT010,471.3068467,
FDB46,OUT027,5041.821497,
FDO48,OUT049,3805.948604,
FDZ39,OUT049,1673.983987,
FDT02,OUT027,646.0888158,
FDC50,OUT013,1559.973641,
FDP39,OUT035,790.3307954,
DRG15,OUT018,1068.506766,
FDP10,OUT018,1673.983987,
FDF53,OUT027,5041.821497,
FDN34,OUT045,2633.839844,
FDK02,OUT045,2006.470742,
FDC23,OUT045,2843.569789,
FDJ10,OUT019,207.1305035,
FDE53,OUT035,1673.983987,
FDR25,OUT035,4125.174475,
FDW50,OUT046,2633.839844,
FDS09,OUT049,790.3307954,
FDW49,OUT010,471.3068467,
FDU51,OUT046,2843.569789,
FDF28,OUT018,2117.45138,
NCY30,OUT018,2843.569789,
FDD44,OUT045,4125.174475,
FDX09,OUT017,2843.569789,
NCF30,OUT013,2117.45138,
FDZ50,OUT019,471.3068467,
FDW37,OUT013,1349.512904,
FDD11,OUT049,4125.174475,
DRH39,OUT018,1068.506766,
FDA36,OUT049,3190.643468,
NCG43,OUT049,1349.512904,
FDF02,OUT035,1673.983987,
FDP57,OUT027,2846.400823,
NCE42,OUT017,3805.948604,
NCR38,OUT027,5041.821497,
FDP03,OUT019,207.1305035,
FDO51,OUT035,646.0888158,
NCQ42,OUT046,2117.45138,
NCM41,OUT046,1349.512904,
FDH48,OUT027,2846.400823,
DRF60,OUT046,3805.948604,
FDJ27,OUT035,1559.973641,
FDQ14,OUT013,2432.662581,
FDN27,OUT017,1892.066145,
NCQ02,OUT046,3190.643468,
FDJ33,OUT049,2006.470742,
FDP07,OUT027,5041.821497,
DRE01,OUT049,3549.850948,
FDU36,OUT045,1559.973641,
FDL28,OUT017,3549.850948,
NCX53,OUT046,2117.45138,
FDZ39,OUT013,1673.983987,
NCP42,OUT013,3011.525299,
FDJ14,OUT035,1349.512904,
FDK04,OUT049,1068.506766,
NCC19,OUT017,3011.525299,
FDS09,OUT018,790.3307954,
FDZ02,OUT046,1559.973641,
FDD35,OUT018,2006.470742,
NCY42,OUT017,2432.662581,
FDB05,OUT045,3549.850948,
FDF20,OUT035,3011.525299,
NCO41,OUT018,1559.973641,
FDC40,OUT027,2846.400823,
FDV58,OUT045,3011.525299,
FDZ57,OUT045,2006.470742,
DRM35,OUT046,2843.569789,
DRN36,OUT018,1559.973641,
FDQ13,OUT046,1349.512904,
DRO35,OUT010,207.1305035,
NCD43,OUT035,1673.983987,
FDA51,OUT018,1892.066145,
NCX17,OUT027,5041.821497,
NCZ17,OUT049,646.0888158,
FDR11,OUT027,5041.821497,
FDW34,OUT049,3805.948604,
FDN50,OUT017,1349.512904,
FDS09,OUT046,790.3307954,
FDS48,OUT018,2432.662581,
FDL44,OUT049,2633.839844,
DRF48,OUT018,3190.643468,
FDA14,OUT018,2432.662581,
NCD30,OUT049,1559.973641,
FDI16,OUT017,790.3307954,
NCG06,OUT035,4125.174475,
DRZ24,OUT035,2006.470742,
NCS17,OUT045,1559.973641,
FDB37,OUT045,3805.948604,
FDE10,OUT035,2006.470742,
FDC57,OUT045,3011.525299,
FDM12,OUT018,3190.643468,
FDE24,OUT049,2117.45138,
FDW22,OUT045,3805.948604,
DRD01,OUT027,1068.506766,
NCZ18,OUT027,5041.821497,
FDN49,OUT045,646.0888158,
FDR22,OUT035,1892.066145,
FDV08,OUT019,207.1305035,
FDY39,OUT046,3190.643468,
FDV36,OUT049,2117.45138,
FDO60,OUT045,790.3307954,
FDU04,OUT027,2846.400823,
FDR20,OUT027,790.3307954,
FDW19,OUT019,207.1305035,
FDU40,OUT049,3011.525299,
FDK15,OUT045,1559.973641,
DRF15,OUT035,2432.662581,
FDQ25,OUT017,2843.569789,
FDI48,OUT019,207.1305035,
FDS49,OUT046,1349.512904,
FDV22,OUT046,2633.839844,
NCV42,OUT046,1673.983987,
FDX26,OUT046,3190.643468,
FDI33,OUT018,1349.512904,
FDZ14,OUT049,2006.470742,
FDG10,OUT013,1068.506766,
FDM38,OUT018,790.3307954,
FDG26,OUT027,5041.821497,
FDH46,OUT035,1559.973641,
FDN13,OUT018,1559.973641,
FDU57,OUT035,2432.662581,
NCI06,OUT046,2843.569789,
FDM38,OUT045,1068.506766,
NCG42,OUT010,207.1305035,
FDL39,OUT045,2843.569789,
FDT31,OUT019,471.3068467,
FDV59,OUT013,3805.948604,
FDB49,OUT035,1559.973641,
FDD58,OUT049,1559.973641,
DRN59,OUT046,790.3307954,
FDX48,OUT049,2432.662581,
FDQ11,OUT049,4125.174475,
FDY12,OUT049,1068.506766,
FDQ11,OUT045,4125.174475,
DRI11,OUT017,1892.066145,
FDY32,OUT027,5041.821497,
FDS51,OUT045,1068.506766,
FDR19,OUT010,471.3068467,
DRB13,OUT018,3190.643468,
FDS21,OUT035,1068.506766,
FDQ40,OUT045,2843.569789,
NCE55,OUT013,2843.569789,
FDX43,OUT027,5041.821497,
FDS12,OUT049,2006.470742,
DRK01,OUT027,2846.400823,
FDN25,OUT017,1068.506766,
FDB60,OUT046,3011.525299,
FDQ13,OUT017,1349.512904,
DRK13,OUT045,3011.525299,
DRF25,OUT018,646.0888158,
NCD42,OUT019,207.1305035,
FDW25,OUT045,1349.512904,
NCV29,OUT027,5041.821497,
NCK42,OUT035,3805.948604,
DRJ13,OUT027,5041.821497,
DRD15,OUT017,3805.948604,
FDM27,OUT045,2432.662581,
FDZ50,OUT018,3190.643468,
FDC04,OUT046,3805.948604,
FDF50,OUT049,3011.525299,
FDP15,OUT045,4125.174475,
FDK46,OUT035,4125.174475,
FDZ56,OUT018,2633.839844,
FDY60,OUT049,2006.470742,
FDB10,OUT035,3549.850948,
FDR57,OUT045,2432.662581,
FDU58,OUT049,3190.643468,
FDH02,OUT046,1349.512904,
FDP48,OUT013,3190.643468,
FDI46,OUT035,4125.174475,
FDW56,OUT013,3011.525299,
NCM19,OUT010,207.1305035,
FDS50,OUT027,5041.821497,
FDK24,OUT013,790.3307954,
FDO36,OUT017,3190.643468,
FDK45,OUT027,2846.400823,
NCL05,OUT045,790.3307954,
FDL32,OUT018,1892.066145,
FDA28,OUT049,2117.45138,
FDY36,OUT018,1068.506766,
FDP32,OUT018,2006.470742,
FDL50,OUT046,2006.470742,
DRC24,OUT049,2432.662581,
NCS18,OUT017,1673.983987,
FDD16,OUT017,1068.506766,
NCV18,OUT013,1349.512904,
FDX07,OUT046,3190.643468,
NCZ05,OUT027,2846.400823,
NCI31,OUT013,646.0888158,
FDK14,OUT049,1349.512904,
NCR06,OUT045,646.0888158,
NCF54,OUT049,2843.569789,
DRG23,OUT010,471.3068467,
FDD53,OUT046,646.0888158,
NCM31,OUT027,2846.400823,
FDT16,OUT017,4125.174475,
FDR40,OUT035,1349.512904,
DRG25,OUT017,3190.643468,
FDT10,OUT035,1068.506766,
FDY32,OUT013,2633.839844,
FDN50,OUT035,1349.512904,
FDZ35,OUT019,207.1305035,
NCP54,OUT045,2117.45138,
NCD07,OUT035,1673.983987,
FDS02,OUT018,3011.525299,
DRN59,OUT018,790.3307954,
DRB24,OUT013,2432.662581,
FDP37,OUT027,2846.400823,
DRB01,OUT018,3190.643468,
FDR47,OUT046,3011.525299,
NCM31,OUT010,207.1305035,
NCF06,OUT027,5041.821497,
NCV17,OUT027,2846.400823,
FDS10,OUT049,2843.569789,
FDN52,OUT035,1349.512904,
FDZ48,OUT013,1892.066145,
FDJ48,OUT049,4125.174475,
DRB13,OUT027,5041.821497,
FDV59,OUT017,3805.948604,
FDL32,OUT035,1673.983987,
FDZ12,OUT035,2006.470742,
NCR06,OUT027,646.0888158,
FDP51,OUT017,1892.066145,
FDY22,OUT013,2117.45138,
FDZ38,OUT049,2843.569789,
NCO54,OUT035,1068.506766,
FDR23,OUT035,2843.569789,
FDM38,OUT049,1068.506766,
FDS25,OUT013,1892.066145,
FDZ22,OUT013,1349.512904,
FDZ20,OUT019,471.3068467,
FDD45,OUT010,207.1305035,
FDN03,OUT049,4125.174475,
NCW30,OUT046,4125.174475,
FDY24,OUT027,1068.506766,
FDJ26,OUT019,471.3068467,
FDM15,OUT049,2432.662581,
NCW54,OUT027,1068.506766,
FDA23,OUT045,1559.973641,
FDA39,OUT019,207.1305035,
FDZ12,OUT017,2432.662581,
NCB42,OUT046,1892.066145,
FDL16,OUT046,790.3307954,
FDO24,OUT019,471.3068467,
NCP42,OUT046,3011.525299,
FDR19,OUT018,2432.662581,
DRL01,OUT045,3549.850948,
FDV37,OUT046,3011.525299,
FDI41,OUT010,471.3068467,
FDF58,OUT049,1068.506766,
NCF43,OUT018,2006.470742,
